都道府県,市町村,画像URL,弾数
その他,日本下水道事業団,http://www.gk-p.jp/wp-content/uploads/mhc/00-101-A01.jpg,第17弾
その他,UR都市機構,http://www.gk-p.jp/wp-content/uploads/mhc/00-102-A-01.jpg,第18弾
その他,UR都市機構 (B001),http://www.gk-p.jp/wp-content/uploads/mhc/00-102-B-01.jpg,第27弾
北海道,札幌市 (A001),http://www.gk-p.jp/wp-content/uploads/mhc/01-100-A-01.jpg,第01弾
北海道,札幌市 (B001),http://www.gk-p.jp/wp-content/uploads/mhc/01-100-B-01.jpg,第09弾
北海道,札幌市 (C001),http://www.gk-p.jp/wp-content/uploads/mhc/01-100-C-01.jpg,第20弾
北海道,函館市,http://www.gk-p.jp/wp-content/uploads/mhc/01-202-A-01.jpg,第3弾
北海道,小樽市,http://www.gk-p.jp/wp-content/uploads/mhc/01-203-A-02.jpg,第6弾
北海道,旭川市 (A001),http://www.gk-p.jp/wp-content/uploads/mhc/01-204-A-01.jpg,第04弾
北海道,旭川市 (B001),http://www.gk-p.jp/wp-content/uploads/mhc/01-204-B-01.jpg,第23弾
北海道,室蘭市,http://www.gk-p.jp/wp-content/uploads/mhc/01-205-A-01.jpg,第8弾
北海道,釧路市 (A001),http://www.gk-p.jp/wp-content/uploads/mhc/01-206-A-01.jpg,第07弾
北海道,釧路市 (B001),http://www.gk-p.jp/wp-content/uploads/mhc/01-206-B-01.jpg,第11弾
北海道,釧路市 (C001),http://www.gk-p.jp/wp-content/uploads/mhc/01-206-C-01.jpg,第22弾
北海道,帯広市,http://www.gk-p.jp/wp-content/uploads/mhc/01-207-A-01.jpg,第11弾
北海道,北見市 (A001),http://www.gk-p.jp/wp-content/uploads/mhc/01-208-A-01.jpg,第02弾
北海道,北見市 (B001),http://www.gk-p.jp/wp-content/uploads/mhc/01-208-B-01.jpg,第10弾
北海道,留萌市,http://www.gk-p.jp/wp-content/uploads/mhc/01-212-A01.jpg,第13弾
北海道,苫小牧市,http://www.gk-p.jp/wp-content/uploads/mhc/01-213-A-01.jpg,第4弾
北海道,稚内市 (A001),http://www.gk-p.jp/wp-content/uploads/mhc/01-214-A-01.jpg,第04弾
北海道,稚内市 (B001),http://www.gk-p.jp/wp-content/uploads/mhc/01-214-B01.jpg,第17弾
北海道,芦別市,http://www.gk-p.jp/wp-content/uploads/mhc/01-216-A-01.jpg,第5弾
北海道,江別市,http://www.gk-p.jp/wp-content/uploads/mhc/01-217-A-01.jpg,第5弾
北海道,赤平市,http://www.gk-p.jp/wp-content/uploads/mhc/01-218-A01.jpg,第10弾
北海道,紋別市,http://www.gk-p.jp/wp-content/uploads/mhc/01-219-A-01.jpg,第3弾
北海道,士別市,http://www.gk-p.jp/wp-content/uploads/mhc/01-220-A-01.jpg,第23弾
北海道,名寄市 (A001),http://www.gk-p.jp/wp-content/uploads/mhc/01-221-A-01.jpg,第10弾
北海道,名寄市 (B001),http://www.gk-p.jp/wp-content/uploads/mhc/01-221-B-01.jpg,第12弾
北海道,千歳市,http://www.gk-p.jp/wp-content/uploads/mhc/01-224-A-01.jpg,第18弾
北海道,滝川市,http://www.gk-p.jp/wp-content/uploads/mhc/01-225-A-01.jpg,第11弾
北海道,砂川市,http://www.gk-p.jp/wp-content/uploads/mhc/01-226-A-01.jpg,第8弾
北海道,深川市,http://www.gk-p.jp/wp-content/uploads/mhc/01-228-A01.jpg,第16弾
北海道,富良野市,http://www.gk-p.jp/wp-content/uploads/mhc/01-229-A-01.jpg,第11弾
北海道,登別市,http://www.gk-p.jp/wp-content/uploads/mhc/01-230-A-01.jpg,第8弾
北海道,恵庭市 (A001),http://www.gk-p.jp/wp-content/uploads/mhc/01-231-A-01.jpg,第5弾
北海道,恵庭市 (B001),http://www.gk-p.jp/wp-content/uploads/mhc/01-231-B-01.jpg,第13弾
北海道,恵庭市 (C001),http://www.gk-p.jp/wp-content/uploads/mhc/01-231-C-01.jpg,第21弾
北海道,北広島市 (A001),http://www.gk-p.jp/wp-content/uploads/mhc/01-234-A-01.jpg,第06弾
北海道,北広島市 (B001),http://www.gk-p.jp/wp-content/uploads/mhc/01-234-B-01.jpg,第21弾
北海道,石狩市 (A001),http://www.gk-p.jp/wp-content/uploads/mhc/01-235-A-01.jpg,第06弾
北海道,石狩市 (B001),http://www.gk-p.jp/wp-content/uploads/mhc/01-235-B-01.jpg,第25弾
北海道,北斗市,http://www.gk-p.jp/wp-content/uploads/mhc/01-236-A-01.jpg,第8弾
北海道,当別町,http://www.gk-p.jp/wp-content/uploads/mhc/01-303-A-01.jpg,第10弾
北海道,木古内町,http://www.gk-p.jp/wp-content/uploads/mhc/01-334-A-01.jpg,第2弾
北海道,上ノ国町,http://www.gk-p.jp/wp-content/uploads/mhc/01-362-A-01.jpg,第13弾
北海道,岩内町,http://www.gk-p.jp/wp-content/uploads/mhc/01-402-A-01.jpg,第6弾
北海道,古平町,http://www.gk-p.jp/wp-content/uploads/mhc/01-406-A-01.jpg,第10弾
北海道,奈井江町,http://www.gk-p.jp/wp-content/uploads/mhc/01-424-A-01.jpg.,第6弾
北海道,東神楽町,http://www.gk-p.jp/wp-content/uploads/mhc/01-453-A-01.jpg,第11弾
北海道,当麻町,http://www.gk-p.jp/wp-content/uploads/mhc/01-454-A-01.jpg,第18弾
北海道,上富良野町,http://www.gk-p.jp/wp-content/uploads/mhc/01-460-A-01.jpg,第15弾
北海道,南富良野町,http://www.gk-p.jp/wp-content/uploads/mhc/01-462-A-01.jpg,第12弾
北海道,和寒町,http://www.gk-p.jp/wp-content/uploads/mhc/01-464-A-01.jpg,第5弾
北海道,剣淵町,http://www.gk-p.jp/wp-content/uploads/mhc/01-465-A-01.jpg,第5弾
北海道,天塩町 (A001),http://www.gk-p.jp/wp-content/uploads/mhc/01-487-A-01.jpg,第09弾
北海道,天塩町 (B001),http://www.gk-p.jp/wp-content/uploads/mhc/01-487-B01.jpg,第17弾
北海道,天塩町 (C001),http://www.gk-p.jp/wp-content/uploads/mhc/01-487-C-01.jpg,第22弾
北海道,豊富町 (A001),http://www.gk-p.jp/wp-content/uploads/mhc/01-516-A-01.jpg,第8弾
北海道,豊富町 (B001),http://www.gk-p.jp/wp-content/uploads/mhc/01-516-B-01.jpg,第12弾
北海道,豊富町 (C001),http://www.gk-p.jp/wp-content/uploads/mhc/01-516-C-01.jpg,第14弾
北海道,豊富町 (D001),http://www.gk-p.jp/wp-content/uploads/mhc/01-516-D01.jpg,第17弾
北海道,利尻町,http://www.gk-p.jp/wp-content/uploads/mhc/01-518-A-01.jpg,第12弾
北海道,斜里町,http://www.gk-p.jp/wp-content/uploads/mhc/01-545-A01.jpg,第17弾
北海道,遠軽町,http://www.gk-p.jp/wp-content/uploads/mhc/01-555-A-01.jpg,第23弾
北海道,滝上町,http://www.gk-p.jp/wp-content/uploads/mhc/01-560-A-01.jpg,第22弾
北海道,雄武町,http://www.gk-p.jp/wp-content/uploads/mhc/01-563-A-01.jpg,第18弾
北海道,安平町,http://www.gk-p.jp/wp-content/uploads/mhc/01-585-A-01.jpg,第14弾
北海道,浦河町,http://www.gk-p.jp/wp-content/uploads/mhc/01-607-A-01.jpg,第10弾
北海道,音更町,http://www.gk-p.jp/wp-content/uploads/mhc/01-631-A-01.jpg,第11弾
北海道,上士幌町,http://www.gk-p.jp/wp-content/uploads/mhc/01-633-A-01.jpg,第27弾
北海道,新得町,http://www.gk-p.jp/wp-content/uploads/mhc/01-635-A-01.jpg,第25弾
北海道,足寄町 (A001),http://www.gk-p.jp/wp-content/uploads/mhc/01-647-A-01.jpg,第10弾
北海道,足寄町 (B001),http://www.gk-p.jp/wp-content/uploads/mhc/01-647-B-01.jpg,第18弾
北海道,陸別町,http://www.gk-p.jp/wp-content/uploads/mhc/01-648-A-01.jpg,第7弾
北海道,別海町,"http://www.gk-p.jp/wp-content/uploads/mhc/01-691-A-01.jpg
",第11弾
青森県,青森市,http://www.gk-p.jp/wp-content/uploads/mhc/02-201-A-01.jpg,第5弾
青森県,弘前市,http://www.gk-p.jp/wp-content/uploads/mhc/02-202-A-01.jpg,第9弾
青森県,五所川原市,http://www.gk-p.jp/wp-content/uploads/mhc/02-205-A-01.jpg,第11弾
青森県,十和田市,http://www.gk-p.jp/wp-content/uploads/mhc/02-206-A-01.jpg,第9弾
青森県,三沢市,http://www.gk-p.jp/wp-content/uploads/mhc/02-207-A-01.jpg,第11弾
青森県,むつ市,http://www.gk-p.jp/wp-content/uploads/mhc/02-208-A-01.jpg,第23弾
青森県,三戸町,http://www.gk-p.jp/wp-content/uploads/mhc/02-441-A01.jpg,第17弾
青森県,南部町 (A001),http://www.gk-p.jp/wp-content/uploads/mhc/02-445-A-01.jpg,第21弾
青森県,南部町 (B001),http://www.gk-p.jp/wp-content/uploads/mhc/02-445-B-01.jpg,第25弾
岩手県,岩手県 (流域下水道),http://www.gk-p.jp/wp-content/uploads/mhc/03-000-A-02.jpg,第10弾
岩手県,盛岡市 (A001),http://www.gk-p.jp/wp-content/uploads/mhc/03-201-A-01.jpg,第12弾
岩手県,盛岡市 (B001),http://www.gk-p.jp/wp-content/uploads/mhc/03-201-B-01.jpg,第23弾
岩手県,宮古市 (A001),http://www.gk-p.jp/wp-content/uploads/mhc/03-202-A-01.jpg,第13弾
岩手県,宮古市 (B001),http://www.gk-p.jp/wp-content/uploads/mhc/03-202-B-01.jpg,第15弾
岩手県,宮古市 (C001),http://www.gk-p.jp/wp-content/uploads/mhc/03-202-C-01.jpg,第27弾
岩手県,花巻市 (A001),http://www.gk-p.jp/wp-content/uploads/mhc/03-205-A-01.jpg,第3弾
岩手県,花巻市 (B001),http://www.gk-p.jp/wp-content/uploads/mhc/03-205-B-01.jpg,第8弾
岩手県,花巻市 (C001),http://www.gk-p.jp/wp-content/uploads/mhc/03-205-C-01.jpg,第9弾
岩手県,花巻市(D001),http://www.gk-p.jp/wp-content/uploads/mhc/03-205-D-01.jpg,第11弾
岩手県,北上市,http://www.gk-p.jp/wp-content/uploads/mhc/03-206-A-01.jpg,第22弾
岩手県,久慈市,http://www.gk-p.jp/wp-content/uploads/mhc/03-207-A-01.jpg,第8弾
岩手県,遠野市,http://www.gk-p.jp/wp-content/uploads/mhc/03-208-A-01.jpg,第14弾
岩手県,陸前高田市 (A001),http://www.gk-p.jp/wp-content/uploads/mhc/03-210-A-01.jpg,第24弾
岩手県,陸前高田市 (B001),http://www.gk-p.jp/wp-content/uploads/mhc/03-210-B-01.jpg,第27弾
岩手県,釜石市 (A001),http://www.gk-p.jp/wp-content/uploads/mhc/03-211-A-01.jpg,第06弾
岩手県,釜石市 (B001),http://www.gk-p.jp/wp-content/uploads/mhc/03-211-B-01.jpg,第10弾
岩手県,釜石市(C001),http://www.gk-p.jp/wp-content/uploads/mhc/03-211-C-01.jpg,第12弾
岩手県,二戸市,http://www.gk-p.jp/wp-content/uploads/mhc/03-213-A01.jpg,第17弾
岩手県,滝沢市 (A001),http://www.gk-p.jp/wp-content/uploads/mhc/03-216-A01.jpg,第17弾
岩手県,滝沢市 (B001),http://www.gk-p.jp/wp-content/uploads/mhc/03-216-B-01.jpg,第26弾
岩手県,山田町,http://www.gk-p.jp/wp-content/uploads/mhc/03-482-A-01.jpg,第22弾
岩手県,九戸村,http://www.gk-p.jp/wp-content/uploads/mhc/03-506-A-01.jpg,第6弾
宮城県,宮城県 (流域下水道) (A001),http://www.gk-p.jp/wp-content/uploads/mhc/04-000-A01.jpg,第10弾
宮城県,宮城県 (流域下水道) (B001),http://www.gk-p.jp/wp-content/uploads/mhc/04-000-B-01.jpg,第14弾
宮城県,宮城県 (流域下水道) (C001),http://www.gk-p.jp/wp-content/uploads/mhc/04-000-C-01.jpg,第18弾
宮城県,宮城県 (流域下水道) (D001),http://www.gk-p.jp/wp-content/uploads/mhc/04-000-D-01.jpg,第26弾
宮城県,仙台市,http://www.gk-p.jp/wp-content/uploads/mhc/04-100-A-01.jpg,第8弾
宮城県,石巻市,http://www.gk-p.jp/wp-content/uploads/mhc/04-202-A-01.jpg,第10弾
宮城県,白石市,http://www.gk-p.jp/wp-content/uploads/mhc/04-206-A-01.jpg,第6弾
宮城県,名取市 (A001),http://www.gk-p.jp/wp-content/uploads/mhc/04-207-A-01.jpg,第08弾
宮城県,名取市 (B001),http://www.gk-p.jp/wp-content/uploads/mhc/04-207-B-01.jpg,第23弾
宮城県,名取市 (C001),http://www.gk-p.jp/wp-content/uploads/mhc/04-207-C-01.jpg,第26弾
宮城県,多賀城市 (A001),http://www.gk-p.jp/wp-content/uploads/mhc/04-209-A-01.jpg,第07弾
宮城県,多賀城市 (B001),http://www.gk-p.jp/wp-content/uploads/mhc/04-209-B-01.jpg,第08弾
宮城県,多賀城市 (C001),http://www.gk-p.jp/wp-content/uploads/mhc/04-209-C-01.jpg,第22弾
宮城県,東松島市 (A001),http://www.gk-p.jp/wp-content/uploads/mhc/04-214-A-01.jpg,第04弾
宮城県,東松島市 (B001),http://www.gk-p.jp/wp-content/uploads/mhc/04-214-B-01.jpg,第09弾
宮城県,東松島市 (C001),http://www.gk-p.jp/wp-content/uploads/mhc/04-214-C-01.jpg,第21弾
宮城県,富谷市,http://www.gk-p.jp/wp-content/uploads/mhc/04-216-A-01.jpg,第22弾
宮城県,大河原町,http://www.gk-p.jp/wp-content/uploads/mhc/04-321-A-01.jpg,第7弾
宮城県,亘理町,http://www.gk-p.jp/wp-content/uploads/mhc/04-361-A01.jpg,第16弾
宮城県,七ヶ浜町 (A001),http://www.gk-p.jp/wp-content/uploads/mhc/04-404-A-01.jpg,第09弾
宮城県,七ヶ浜町 (B001),http://www.gk-p.jp/wp-content/uploads/mhc/04-404-B-01.jpg,第27弾
宮城県,利府町,http://www.gk-p.jp/wp-content/uploads/mhc/04-406-A-01.jpg,第14弾
宮城県,大和町,http://www.gk-p.jp/wp-content/uploads/mhc/04-421-A-01.jpg,第13弾
宮城県,大郷町,http://www.gk-p.jp/wp-content/uploads/mhc/04-422-A-01.jpg,第25弾
宮城県,大衡村 (A001),http://www.gk-p.jp/wp-content/uploads/mhc/04-424-A-01.jpg,第05弾
宮城県,大衡村 (B001),http://www.gk-p.jp/wp-content/uploads/mhc/04-424-B-01.jpg,第24弾
宮城県,涌谷町,http://www.gk-p.jp/wp-content/uploads/mhc/04-501-A-01.jpg,第3弾
宮城県,女川町,http://www.gk-p.jp/wp-content/uploads/mhc/04-581-A-01.jpg,第9弾
秋田県,秋田市 (A001),http://www.gk-p.jp/wp-content/uploads/mhc/05-201-A-01.jpg,第1弾
秋田県,秋田市 (B001),http://www.gk-p.jp/wp-content/uploads/mhc/05-201-B-01.jpg,第8弾
秋田県,能代市,http://www.gk-p.jp/wp-content/uploads/mhc/05-202-A-01.jpg,第11弾
秋田県,横手市,http://www.gk-p.jp/wp-content/uploads/mhc/05-203-A-01.jpg,第22弾
秋田県,男鹿市,http://www.gk-p.jp/wp-content/uploads/mhc/05-206-A01.jpg,第12弾
秋田県,潟上市,http://www.gk-p.jp/wp-content/uploads/mhc/05-211-A-01.jpg,第27弾
秋田県,大仙市,http://www.gk-p.jp/wp-content/uploads/mhc/05-212-A-01.jpg,第13弾
山形県,山形県 (流域下水道),http://www.gk-p.jp/wp-content/uploads/mhc/06-000-A-01.jpg,第6弾
山形県,山形市 (A001),http://www.gk-p.jp/wp-content/uploads/mhc/06-201-A-01.jpg,第22弾
山形県,山形市 (B001),http://www.gk-p.jp/wp-content/uploads/mhc/06-201-B-01.jpg,第25弾
山形県,米沢市,http://www.gk-p.jp/wp-content/uploads/mhc/06-202-A-01.jpg,第27弾
山形県,鶴岡市 (A001),http://www.gk-p.jp/wp-content/uploads/mhc/06-203-A-01.jpg,第01弾
山形県,鶴岡市 (B001),http://www.gk-p.jp/wp-content/uploads/mhc/06-203-B-01.jpg,第10弾
山形県,酒田市,http://www.gk-p.jp/wp-content/uploads/mhc/06-204-A01.jpg,第17弾
山形県,新庄市,http://www.gk-p.jp/wp-content/uploads/mhc/06-205-A-01.jpg,第11弾
山形県,寒河江市,http://www.gk-p.jp/wp-content/uploads/mhc/06-206-A-01.jpg,第5弾
山形県,上山市,http://www.gk-p.jp/wp-content/uploads/mhc/06-207-A-01.jpg,第04弾
山形県,天童市,http://www.gk-p.jp/wp-content/uploads/mhc/06-210-A-01.jpg,第3弾
山形県,東根市,http://www.gk-p.jp/wp-content/uploads/mhc/06-211-A-01.jpg,第8弾
山形県,南陽市,http://www.gk-p.jp/wp-content/uploads/mhc/06-213-A-01.jpg,第4弾
山形県,河北町,http://www.gk-p.jp/wp-content/uploads/mhc/06-321-A-01.jpg,第9弾
山形県,舟形町,http://www.gk-p.jp/wp-content/uploads/mhc/06-363-A-01.jpg,第8弾
福島県,福島県 (流域下水道) (A001),http://www.gk-p.jp/wp-content/uploads/mhc/07-000-A-01.jpg,第06弾
福島県,福島県 流域下水道 (B001),http://www.gk-p.jp/wp-content/uploads/mhc/07-000-B-01.jpg,第24弾
福島県,福島市 (A001),http://www.gk-p.jp/wp-content/uploads/mhc/07-201-A-01.jpg,第3弾
福島県,福島市 (B001),http://www.gk-p.jp/wp-content/uploads/mhc/07-201-B-01.jpg,第13弾
福島県,会津若松市,http://www.gk-p.jp/wp-content/uploads/mhc/07-202-A-01.jpg,第2弾
福島県,郡山市 (A001),http://www.gk-p.jp/wp-content/uploads/mhc/07-203-A-01.jpg,第2弾
福島県,郡山市 (B001),http://www.gk-p.jp/wp-content/uploads/mhc/07-203-B-01.jpg,第2弾
福島県,いわき市 (A001),http://www.gk-p.jp/wp-content/uploads/mhc/07-204-A-01.jpg,第05弾
福島県,いわき市 (B001),http://www.gk-p.jp/wp-content/uploads/mhc/07-204-A01.jpg,第17弾
福島県,いわき市 (C001),http://www.gk-p.jp/wp-content/uploads/mhc/07-204-C-01.jpg,第19弾
福島県,いわき市 (D001),http://www.gk-p.jp/wp-content/uploads/mhc/07-204-D-01.jpg,第25弾
福島県,白河市,http://www.gk-p.jp/wp-content/uploads/mhc/07-205-A-01.jpg,第4弾
福島県,須賀川市 (A001),http://www.gk-p.jp/wp-content/uploads/mhc/07-207-A-01.jpg,第10弾
福島県,須賀川市 (B001),http://www.gk-p.jp/wp-content/uploads/mhc/07-207-B-01.jpg,第23弾
福島県,須賀川市 (C001),http://www.gk-p.jp/wp-content/uploads/mhc/07-207-C-01.jpg,第26弾
福島県,喜多方市,http://www.gk-p.jp/wp-content/uploads/mhc/07-208-A-01.jpg,第11弾
福島県,相馬市,http://www.gk-p.jp/wp-content/uploads/mhc/07-209-A-01.jpg,第6弾
福島県,二本松市,http://www.gk-p.jp/wp-content/uploads/mhc/07-210-A-01.jpg,第5弾
福島県,田村市,http://www.gk-p.jp/wp-content/uploads/mhc/07-211-A-01.jpg,第7弾
福島県,南相馬市,http://www.gk-p.jp/wp-content/uploads/mhc/07-212-A-01.jpg,第6弾
福島県,伊達市,http://www.gk-p.jp/wp-content/uploads/mhc/07-213-A-01.jpg,第21弾
福島県,本宮市 (A001),http://www.gk-p.jp/wp-content/uploads/mhc/07-214-A-01.jpg,第08弾
福島県,本宮市 (B001),http://www.gk-p.jp/wp-content/uploads/mhc/07-214-B-01.jpg,第26弾
福島県,桑折町,http://www.gk-p.jp/wp-content/uploads/mhc/07-301-A-01.jpg,第5弾
福島県,国見町,http://www.gk-p.jp/wp-content/uploads/mhc/07-303-A-01.jpg,第24弾
福島県,猪苗代町,http://www.gk-p.jp/wp-content/uploads/mhc/07-408-A-01.jpg,第8弾
福島県,会津坂下町,http://www.gk-p.jp/wp-content/uploads/mhc/07-421-A-01.jpg,第7弾
福島県,湯川村 (A001),http://www.gk-p.jp/wp-content/uploads/mhc/07-422-A-01.jpg,第07弾
福島県,湯川村 (B001),http://www.gk-p.jp/wp-content/uploads/mhc/07-422-B-01.jpg,第14弾
福島県,西郷村,http://www.gk-p.jp/wp-content/uploads/mhc/07-461-A-01.jpg,第7弾
福島県,棚倉町,http://www.gk-p.jp/wp-content/uploads/mhc/07-481-A-01.jpg,第20弾
福島県,三春町,http://www.gk-p.jp/wp-content/uploads/mhc/07-521-A-01.jpg,第18弾
福島県,楢葉町,http://www.gk-p.jp/wp-content/uploads/mhc/07-542-A01.jpg,第17弾
福島県,富岡町,http://www.gk-p.jp/wp-content/uploads/mhc/07-543-A01.jpg,第16弾
福島県,川内村,http://www.gk-p.jp/wp-content/uploads/mhc/07-544-A01.jpg,第17弾
茨城県,流域下水道,http://www.gk-p.jp/wp-content/uploads/mhc/08-000-A-01.jpg,第27弾
茨城県,水戸市,http://www.gk-p.jp/wp-content/uploads/mhc/08-201-A-01.jpg,第1弾
茨城県,日立市,http://www.gk-p.jp/wp-content/uploads/mhc/08-202-A-01.jpg,第10弾
茨城県,土浦市 (A001),http://www.gk-p.jp/wp-content/uploads/mhc/08-203-A-01.jpg,第07弾
茨城県,土浦市 (B001),http://www.gk-p.jp/wp-content/uploads/mhc/08-203-B-01.jpg,第20弾
茨城県,土浦市 (C001),http://www.gk-p.jp/wp-content/uploads/mhc/08-203-C-01.jpg,第21弾
茨城県,土浦市 (D001),http://www.gk-p.jp/wp-content/uploads/mhc/08-203-D-01.jpg,第22弾
茨城県,土浦市 (E001),http://www.gk-p.jp/wp-content/uploads/mhc/08-203-E-01.jpg,第23弾
茨城県,土浦市 (F001),http://www.gk-p.jp/wp-content/uploads/mhc/08-203-F-01.jpg,第24弾
茨城県,土浦市 (G001),http://www.gk-p.jp/wp-content/uploads/mhc/08-203-G-01.jpg,第25弾
茨城県,土浦市 (H001),http://www.gk-p.jp/wp-content/uploads/mhc/08-203-H-01.jpg,第26弾
茨城県,土浦市 (I001),http://www.gk-p.jp/wp-content/uploads/mhc/08-203-I-01.jpg,第27弾
茨城県,古河市,http://www.gk-p.jp/wp-content/uploads/mhc/08-204-A-01.jpg,第23弾
茨城県,石岡市 (A001),http://www.gk-p.jp/wp-content/uploads/mhc/08-205-A-01.jpg,第3弾
茨城県,石岡市 (B001),http://www.gk-p.jp/wp-content/uploads/mhc/08-205-B-01.jpg,第4弾
茨城県,結城市,http://www.gk-p.jp/wp-content/uploads/mhc/08-207-A-01.jpg,第9弾
茨城県,龍ケ崎市 (A001),http://www.gk-p.jp/wp-content/uploads/mhc/08-208-A-01.jpg,第10弾
茨城県,龍ケ崎市 (B001),http://www.gk-p.jp/wp-content/uploads/mhc/08-208-B-01.jpg,第23弾
茨城県,下妻市,http://www.gk-p.jp/wp-content/uploads/mhc/08-210-A-01.jpg,第14弾
茨城県,常総市,http://www.gk-p.jp/wp-content/uploads/mhc/08-211-A-01.jpg,第6弾
茨城県,常陸太田市,http://www.gk-p.jp/wp-content/uploads/mhc/08-212-A-01.jpg,第12弾
茨城県,高萩市,http://www.gk-p.jp/wp-content/uploads/mhc/08-214-A-01.jpg,第14弾
茨城県,北茨城市,http://www.gk-p.jp/wp-content/uploads/mhc/08-215-A-01.jpg,第11弾
茨城県,取手市,http://www.gk-p.jp/wp-content/uploads/mhc/08-217-A-01.jpg,第8弾
茨城県,牛久市,http://www.gk-p.jp/wp-content/uploads/mhc/08-219-A-01.jpg,第22弾
茨城県,つくば市 (A001),http://www.gk-p.jp/wp-content/uploads/mhc/08-220-A-01.jpg,第02弾
茨城県,つくば市 (B001),http://www.gk-p.jp/wp-content/uploads/mhc/08-220-B-01.jpg,第19弾
茨城県,鹿嶋市,http://www.gk-p.jp/wp-content/uploads/mhc/08-222-A-01.jpg,第5弾
茨城県,守谷市,http://www.gk-p.jp/wp-content/uploads/mhc/08-224-A-01.jpg,第6弾
茨城県,常陸大宮市,http://www.gk-p.jp/wp-content/uploads/mhc/08-225-A-01.jpg,第18弾
茨城県,那珂市,http://www.gk-p.jp/wp-content/uploads/mhc/08-226-A-01.jpg,第10弾
茨城県,筑西市,http://www.gk-p.jp/wp-content/uploads/mhc/08-227-A-01.jpg,第11弾
茨城県,かすみがうら市,http://www.gk-p.jp/wp-content/uploads/mhc/08-230-A-01.jpg,第21弾
茨城県,桜川市 (A001),http://www.gk-p.jp/wp-content/uploads/mhc/08-231-A-01.jpg,第11弾
茨城県,桜川市 (B001),http://www.gk-p.jp/wp-content/uploads/mhc/08-231-B-01.jpg,第24弾
茨城県,行方市,http://www.gk-p.jp/wp-content/uploads/mhc/08-233-A-01.jpg,第8弾
茨城県,鉾田市,http://www.gk-p.jp/wp-content/uploads/mhc/08-234-A-01.jpg,第10弾
茨城県,大洗町,http://www.gk-p.jp/wp-content/uploads/mhc/08-309-A-01.jpg,第18弾
茨城県,五霞町,http://www.gk-p.jp/wp-content/uploads/mhc/08-542-A-01.jpg,第21弾
栃木県,栃木県 (流域下水道),http://www.gk-p.jp/wp-content/uploads/mhc/09-000-A-01.jpg,第7弾
栃木県,宇都宮市 (A001),http://www.gk-p.jp/wp-content/uploads/mhc/09-201-A-01.jpg,第03弾
栃木県,宇都宮市 (B001),http://www.gk-p.jp/wp-content/uploads/mhc/09-201-B-01.jpg,第10弾
栃木県,宇都宮市 (C001),http://www.gk-p.jp/wp-content/uploads/mhc/09-201-C-01.jpg,第23弾
栃木県,宇都宮市 (D001),http://www.gk-p.jp/wp-content/uploads/mhc/09-201-D-01.jpg,第26弾
栃木県,足利市 (A001),http://www.gk-p.jp/wp-content/uploads/mhc/09-202-A-01.jpg,第2弾
栃木県,足利市 (B001),http://www.gk-p.jp/wp-content/uploads/mhc/09-202-B-01.jpg,第4弾
栃木県,栃木市,http://www.gk-p.jp/wp-content/uploads/mhc/09-203-A-01.jpg,第9弾
栃木県,佐野市,http://www.gk-p.jp/wp-content/uploads/mhc/09-204-A-01.jpg,第9弾
栃木県,鹿沼市,http://www.gk-p.jp/wp-content/uploads/mhc/09-205-A-01.jpg,第10弾
栃木県,日光市 (A001),http://www.gk-p.jp/wp-content/uploads/mhc/09-206-A-01.jpg,第8弾
栃木県,日光市 (B001),http://www.gk-p.jp/wp-content/uploads/mhc/09-206-B-01.jpg,第9弾
栃木県,小山市,http://www.gk-p.jp/wp-content/uploads/mhc/09-208-A-01.jpg,第15弾
栃木県,真岡市,http://www.gk-p.jp/wp-content/uploads/mhc/09-209-A-01.jpg,第11弾
栃木県,大田原市,http://www.gk-p.jp/wp-content/uploads/mhc/09-210-A-01.jpg,第3弾
栃木県,那須塩原市(A001),http://www.gk-p.jp/wp-content/uploads/mhc/09-213-A-01.jpg,第11弾
栃木県,那須塩原市(B001),http://www.gk-p.jp/wp-content/uploads/mhc/09-213-B-01.jpg,第12弾
栃木県,さくら市,http://www.gk-p.jp/wp-content/uploads/mhc/09-214-A-01.jpg,第18弾
栃木県,那須烏山市 (A001),http://www.gk-p.jp/wp-content/uploads/mhc/09-215-A-01.jpg,第25弾
栃木県,那須烏山市 (B001),http://www.gk-p.jp/wp-content/uploads/mhc/09-215-B-01.jpg,第26弾
栃木県,下野市,http://www.gk-p.jp/wp-content/uploads/mhc/09-216-A-01.jpg,第6弾
栃木県,上三川町,http://www.gk-p.jp/wp-content/uploads/mhc/09-301-A-01.jpg,第23弾
栃木県,壬生町 (A001),http://www.gk-p.jp/wp-content/uploads/mhc/09-361-A-01.jpg,第14弾
栃木県,壬生町 (B001),http://www.gk-p.jp/wp-content/uploads/mhc/09-361-B-01.jpg,第18弾
群馬県,群馬県 (流域下水道),http://www.gk-p.jp/wp-content/uploads/mhc/10-000-A-01.jpg,第5弾
群馬県,前橋市,http://www.gk-p.jp/wp-content/uploads/mhc/10-201-A-01.jpg,第3弾
群馬県,桐生市 (A001),http://www.gk-p.jp/wp-content/uploads/mhc/10-203-A-01.jpg,第07弾
群馬県,桐生市 (B001),http://www.gk-p.jp/wp-content/uploads/mhc/10-203-B01.jpg,第16弾
群馬県,伊勢崎市,http://www.gk-p.jp/wp-content/uploads/mhc/10-204-A-01.jpg,第24弾
群馬県,沼田市,http://www.gk-p.jp/wp-content/uploads/mhc/10-206-A-01.jpg,第8弾
群馬県,館林市,http://www.gk-p.jp/wp-content/uploads/mhc/10-207-A-01.jpg,第3弾
群馬県,渋川市 (A001),http://www.gk-p.jp/wp-content/uploads/mhc/10-208-A-01.jpg,第09弾
群馬県,渋川市 (B001),http://www.gk-p.jp/wp-content/uploads/mhc/10-208-B-01.jpg,第10弾
群馬県,渋川市 (C001),http://www.gk-p.jp/wp-content/uploads/mhc/10-208-C-01.jpg,第12弾
群馬県,藤岡市,http://www.gk-p.jp/wp-content/uploads/mhc/10-209-A-01.jpg,第7弾
群馬県,富岡市,http://www.gk-p.jp/wp-content/uploads/mhc/10-210-A-01.jpg,第3弾
群馬県,みどり市,http://www.gk-p.jp/wp-content/uploads/mhc/10-212-A-01.jpg,第9弾
群馬県,吉岡町,http://www.gk-p.jp/wp-content/uploads/mhc/10-345-A-01.jpg,第12弾
群馬県,草津町,http://www.gk-p.jp/wp-content/uploads/mhc/10-426-A-01.jpg,第08弾
群馬県,玉村町,http://www.gk-p.jp/wp-content/uploads/mhc/10-464-A-01.jpg,第11弾
群馬県,明和町,http://www.gk-p.jp/wp-content/uploads/mhc/10-522-A-01.jpg,第20弾
群馬県,大泉町,http://www.gk-p.jp/wp-content/uploads/mhc/10-524-A-01.jpg,第4弾
群馬県,邑楽町 (A001),http://www.gk-p.jp/wp-content/uploads/mhc/10-525-A-01.jpg,第08弾
群馬県,邑楽町 (B001),http://www.gk-p.jp/wp-content/uploads/mhc/10-525-B-01.jpg,第21弾
埼玉県,埼玉県下水道公社,http://www.gk-p.jp/wp-content/uploads/mhc/11-010-A101.jpg,第17弾
埼玉県,埼玉県 (流域下水道・A001),http://www.gk-p.jp/wp-content/uploads/mhc/11-000-A-01.jpg,第04弾
埼玉県,埼玉県 (流域下水道・B001),http://www.gk-p.jp/wp-content/uploads/mhc/11-000-B-01.jpg,第04弾
埼玉県,埼玉県 (流域下水道・C001),http://www.gk-p.jp/wp-content/uploads/mhc/11-000-C-01.jpg,第04弾
埼玉県,埼玉県 (流域下水道・D001),http://www.gk-p.jp/wp-content/uploads/mhc/11-000-D-01.jpg,第04弾
埼玉県,埼玉県 (流域下水道・E001),http://www.gk-p.jp/wp-content/uploads/mhc/11-000-E-01.jpg,第04弾
埼玉県,埼玉県 (流域下水道・F001),http://www.gk-p.jp/wp-content/uploads/mhc/11-000-F-01.jpg,第04弾
埼玉県,埼玉県 (流域下水道・G001),http://www.gk-p.jp/wp-content/uploads/mhc/11-000-G-01.jpg,第04弾
埼玉県,埼玉県 (流域下水道・H001),http://www.gk-p.jp/wp-content/uploads/mhc/11-000-H-01.jpg,第04弾
埼玉県,埼玉県 (流域下水道・I001),http://www.gk-p.jp/wp-content/uploads/mhc/11-000-I001.jpg,第17弾
埼玉県,さいたま市 (A001),http://www.gk-p.jp/wp-content/uploads/mhc/11-100-A-01.jpg,第1弾
埼玉県,さいたま市 (B001),http://www.gk-p.jp/wp-content/uploads/mhc/11-100-B-01.jpg,第22弾
埼玉県,川越市 (A001),http://www.gk-p.jp/wp-content/uploads/mhc/11-201-A-01.jpg,第04弾
埼玉県,川越市 (B001),http://www.gk-p.jp/wp-content/uploads/mhc/11-201-B01.jpg,第17弾
埼玉県,熊谷市 (A001),http://www.gk-p.jp/wp-content/uploads/mhc/11-202-A-01.jpg,第03弾
埼玉県,熊谷市 (B001),http://www.gk-p.jp/wp-content/uploads/mhc/11-202-B-01.jpg,第10弾
埼玉県,川口市,http://www.gk-p.jp/wp-content/uploads/mhc/11-203-A-01.jpg,第6弾
埼玉県,行田市,http://www.gk-p.jp/wp-content/uploads/mhc/11-206-A-01.jpg,第3弾
埼玉県,所沢市 (A001),http://www.gk-p.jp/wp-content/uploads/mhc/11-208-A-01.jpg,第01弾
埼玉県,所沢市 (B001),http://www.gk-p.jp/wp-content/uploads/mhc/11-208-B-01.jpg,第08弾
埼玉県,所沢市 (C001),http://www.gk-p.jp/wp-content/uploads/mhc/11-208-C01.jpg,第16弾
埼玉県,所沢市 (D001),http://www.gk-p.jp/wp-content/uploads/mhc/11-208-D01.jpg,第16弾
埼玉県,飯能市,http://www.gk-p.jp/wp-content/uploads/mhc/11-209-A-01.jpg,第20弾
埼玉県,加須市 (A001),http://www.gk-p.jp/wp-content/uploads/mhc/11-210-A-01.jpg,第23弾
埼玉県,加須市 (B001),http://www.gk-p.jp/wp-content/uploads/mhc/11-210-B-01.jpg,第26弾
埼玉県,本庄市 (A001),http://www.gk-p.jp/wp-content/uploads/mhc/11-211-A-01.jpg,第10弾
埼玉県,本庄市 (B001),http://www.gk-p.jp/wp-content/uploads/mhc/11-211-B-01.jpg,第13弾
埼玉県,狭山市,http://www.gk-p.jp/wp-content/uploads/mhc/11-215-A-01.jpg,第7弾
埼玉県,羽生市,http://www.gk-p.jp/wp-content/uploads/mhc/11-216-A-01.jpg,第6弾
埼玉県,鴻巣市 (A001),http://www.gk-p.jp/wp-content/uploads/mhc/11-217-A-01.jpg,第11弾
埼玉県,鴻巣市 (B001),http://www.gk-p.jp/wp-content/uploads/mhc/11-217-B-01.jpg,第20弾
埼玉県,深谷市 (A001),http://www.gk-p.jp/wp-content/uploads/mhc/11-218-A-01.jpg,第19弾
埼玉県,深谷市 (B001),http://www.gk-p.jp/wp-content/uploads/mhc/11-218-B-01.jpg,第23弾
埼玉県,深谷市 (C001),http://www.gk-p.jp/wp-content/uploads/mhc/11-218-C-01.jpg,第26弾
埼玉県,上尾市 (A001),http://www.gk-p.jp/wp-content/uploads/mhc/11-219-A-01.jpg,第5弾
埼玉県,上尾市 (B001),http://www.gk-p.jp/wp-content/uploads/mhc/11-219-B-01.jpg,第12弾
埼玉県,草加市 (A001),http://www.gk-p.jp/wp-content/uploads/mhc/11-221-A-01.jpg,第8弾
埼玉県,草加市 (B001),http://www.gk-p.jp/wp-content/uploads/mhc/11-221-B-01.jpg,第9弾
埼玉県,越谷市 (A001),http://www.gk-p.jp/wp-content/uploads/mhc/11-222-A-01.jpg,第03弾
埼玉県,越谷市 (B001),http://www.gk-p.jp/wp-content/uploads/mhc/11-222-B-01.jpg,第04弾
埼玉県,越谷市 (C001),http://www.gk-p.jp/wp-content/uploads/mhc/11-222-C-01.jpg,第18弾
埼玉県,戸田市 (A001),http://www.gk-p.jp/wp-content/uploads/mhc/11-224-A-01.jpg,第04弾
埼玉県,戸田市 (B001),http://www.gk-p.jp/wp-content/uploads/mhc/11-224-B-01.jpg,第23弾
埼玉県,入間市 (A001),http://www.gk-p.jp/wp-content/uploads/mhc/11-225-A-01.jpg,第18弾
埼玉県,入間市 (B001),http://www.gk-p.jp/wp-content/uploads/mhc/11-225-B-01.jpg,第19弾
埼玉県,志木市,http://www.gk-p.jp/wp-content/uploads/mhc/11-228-A-01.jpg,第18弾
埼玉県,桶川市 (A001),http://www.gk-p.jp/wp-content/uploads/mhc/11-231-A-01.jpg,第12弾
埼玉県,桶川市 (B001),http://www.gk-p.jp/wp-content/uploads/mhc/11-231-B-01.jpg,第18弾
埼玉県,久喜市 (A001),http://www.gk-p.jp/wp-content/uploads/mhc/11-232-A-01.jpg,第13弾
埼玉県,久喜市 (B001),http://www.gk-p.jp/wp-content/uploads/mhc/11-232-B01.jpg,第16弾
埼玉県,北本市,http://www.gk-p.jp/wp-content/uploads/mhc/11-233-A-01.jpg,第9弾
埼玉県,富士見市,http://www.gk-p.jp/wp-content/uploads/mhc/11-235-A-01.jpg,第12弾
埼玉県,三郷市,http://www.gk-p.jp/wp-content/uploads/mhc/11-237-A-01.jpg,第9弾
埼玉県,蓮田市,http://www.gk-p.jp/wp-content/uploads/mhc/11-238-A-01.jpg,第22弾
埼玉県,坂戸市,http://www.gk-p.jp/wp-content/uploads/mhc/11-239-A-01.jpg,第8弾
埼玉県,日高市 (A001),http://www.gk-p.jp/wp-content/uploads/mhc/11-242-A-01.jpg,第8弾
埼玉県,日高市 (B001),http://www.gk-p.jp/wp-content/uploads/mhc/11-242-B-01.jpg,第14弾
埼玉県,吉川市,http://www.gk-p.jp/wp-content/uploads/mhc/11-243-A-01.jpg,第05弾
埼玉県,ふじみ野市,http://www.gk-p.jp/wp-content/uploads/mhc/11-245-A-01.jpg,第6弾
埼玉県,白岡市,http://www.gk-p.jp/wp-content/uploads/mhc/11-246-A-01.jpg,第07弾
埼玉県,伊奈町,http://www.gk-p.jp/wp-content/uploads/mhc/11-301-A-01.jpg,第10弾
埼玉県,滑川町,http://www.gk-p.jp/wp-content/uploads/mhc/11-341-A-01.jpg,第24弾
埼玉県,小川町,http://www.gk-p.jp/wp-content/uploads/mhc/11-343-A-01.jpg,第22弾
埼玉県,川島町,http://www.gk-p.jp/wp-content/uploads/mhc/11-346-A-01.jpg,第11弾
埼玉県,吉見町,http://www.gk-p.jp/wp-content/uploads/mhc/11-347-A-01.jpg,第3弾
埼玉県,寄居町,http://www.gk-p.jp/wp-content/uploads/mhc/11-408-A-01.jpg,第7弾
埼玉県,宮代町 (A001),http://www.gk-p.jp/wp-content/uploads/mhc/11-442-A-01.jpg,第12弾
埼玉県,宮代町(B001),http://www.gk-p.jp/wp-content/uploads/mhc/11-442-B-01.jpg,第27弾
千葉県,流域下水道,http://www.gk-p.jp/wp-content/uploads/mhc/12-000-A-01.jpg,第21弾
千葉県,千葉市 (A001),http://www.gk-p.jp/wp-content/uploads/mhc/12-100-A-01.jpg,第6弾
千葉県,千葉市 (B001),http://www.gk-p.jp/wp-content/uploads/mhc/12-100-B-01.jpg,第14弾
千葉県,銚子市,http://www.gk-p.jp/wp-content/uploads/mhc/12-202-A-01.jpg,第7弾
千葉県,市川市 (A001),http://www.gk-p.jp/wp-content/uploads/mhc/12-203-A-01.jpg,第04弾
千葉県,市川市 (B001),http://www.gk-p.jp/wp-content/uploads/mhc/12-203-B-01.jpg,第18弾
千葉県,市川市 (C001),http://www.gk-p.jp/wp-content/uploads/mhc/12-203-C-01.jpg,第20弾
千葉県,市川市 (D001),http://www.gk-p.jp/wp-content/uploads/mhc/12-203-D-01.jpg,第23弾
千葉県,船橋市,http://www.gk-p.jp/wp-content/uploads/mhc/12-204-A-01.jpg,第2弾
千葉県,館山市 (A001),http://www.gk-p.jp/wp-content/uploads/mhc/12-205-A-01.jpg,第11弾
千葉県,館山市 (B001),http://www.gk-p.jp/wp-content/uploads/mhc/12-205-B01.jpg,第16弾
千葉県,木更津市,http://www.gk-p.jp/wp-content/uploads/mhc/12-206-A-01.jpg,第10弾
千葉県,松戸市 (A001),http://www.gk-p.jp/wp-content/uploads/mhc/12-207-A-01.jpg,第10弾
千葉県,松戸市 (B001),http://www.gk-p.jp/wp-content/uploads/mhc/12-207-B01.jpg,第17弾
千葉県,野田市 (A001),http://www.gk-p.jp/wp-content/uploads/mhc/12-208-A-01.jpg,第09弾
千葉県,野田市 (B001),http://www.gk-p.jp/wp-content/uploads/mhc/12-208-B-01.jpg,第18弾
千葉県,野田市 (C001),http://www.gk-p.jp/wp-content/uploads/mhc/12-208-C-01.jpg,第21弾
千葉県,佐倉市 (A001),http://www.gk-p.jp/wp-content/uploads/mhc/12-212-A01.jpg,第16弾
千葉県,佐倉市 (B001),http://www.gk-p.jp/wp-content/uploads/mhc/12-212-B-01.jpg,第22弾
千葉県,東金市,http://www.gk-p.jp/wp-content/uploads/mhc/12-213-A-01.jpg,第24弾
千葉県,習志野市 (A001),http://www.gk-p.jp/wp-content/uploads/mhc/12-216-A-01.jpg,第03弾
千葉県,習志野市 (B001),http://www.gk-p.jp/wp-content/uploads/mhc/12-216-B-01.jpg,第24弾
千葉県,柏市 (A001),http://www.gk-p.jp/wp-content/uploads/mhc/12-217-A-01.png,第02弾
千葉県,柏市 (B001),http://www.gk-p.jp/wp-content/uploads/mhc/12-217-B-01.jpg,第25弾
千葉県,市原市,http://www.gk-p.jp/wp-content/uploads/mhc/12-219-A-01.jpg,第11弾
千葉県,流山市,http://www.gk-p.jp/wp-content/uploads/mhc/12-220-A-01.jpg,第9弾
千葉県,八千代市,http://www.gk-p.jp/wp-content/uploads/mhc/12-221-A-01.jpg,第7弾
千葉県,我孫子市 (A001),http://www.gk-p.jp/wp-content/uploads/mhc/12-222-A-01.jpg,第13弾
千葉県,我孫子市 (B001),http://www.gk-p.jp/wp-content/uploads/mhc/12-222-B-01.jpg,第26弾
千葉県,鎌ケ谷市,http://www.gk-p.jp/wp-content/uploads/mhc/12-224-A-01.jpg,第2弾
千葉県,浦安市 (A001),http://www.gk-p.jp/wp-content/uploads/mhc/12-227-A-01.jpg,第12弾
千葉県,浦安市 (B001),http://www.gk-p.jp/wp-content/uploads/mhc/12-227-B-01.jpg,第26弾
千葉県,袖ケ浦市,http://www.gk-p.jp/wp-content/uploads/mhc/12-229-A-01.jpg,第06弾
千葉県,八街市,http://www.gk-p.jp/wp-content/uploads/mhc/12-230-A-01.jpg,第26弾
千葉県,白井市,http://www.gk-p.jp/wp-content/uploads/mhc/12-232-A-01.jpg,第8弾
千葉県,大網白里市,http://www.gk-p.jp/wp-content/uploads/mhc/12-239-A-01.jpg,第20弾
千葉県,芝山町,http://www.gk-p.jp/wp-content/uploads/mhc/12-409-A-01.jpg,第27弾
千葉県,長生村 (A001),http://www.gk-p.jp/wp-content/uploads/mhc/12-423-A-01.jpg,第21弾
千葉県,長生村 (B001),http://www.gk-p.jp/wp-content/uploads/mhc/12-423-B-01.jpg,第26弾
東京都,流域下水道,http://www.gk-p.jp/wp-content/uploads/mhc/13-000-A01-3.jpg,第13弾
東京都,東京23区 (A001),http://www.gk-p.jp/wp-content/uploads/mhc/13-100-A-01.jpg,第01弾
東京都,東京23区 (B001),http://www.gk-p.jp/wp-content/uploads/mhc/13-100-B-01.jpg,第04弾
東京都,東京23区 (C001),http://www.gk-p.jp/wp-content/uploads/mhc/13-100-C-01.jpg,第05弾
東京都,東京23区 (D001),http://www.gk-p.jp/wp-content/uploads/mhc/13-100-D-01.jpg,第05弾
東京都,東京23区 (E001),http://www.gk-p.jp/wp-content/uploads/mhc/13-100-E-01.jpg,第09弾
東京都,東京23区 (M001),http://www.gk-p.jp/wp-content/uploads/mhc/13-100-M-01.jpg,第12弾
東京都,東京23区 (N001),http://www.gk-p.jp/wp-content/uploads/mhc/13-100-N-01.jpg,第14弾
東京都,東京23区 (C101),http://www.gk-p.jp/wp-content/uploads/mhc/13-100-C101.jpg,第16弾
東京都,東京23区 (D101),http://www.gk-p.jp/wp-content/uploads/mhc/13-100-D01.jpg,第17弾
東京都,東京23区 (E101),http://www.gk-p.jp/wp-content/uploads/mhc/13-100-E1-01.jpg,第19弾
東京都,東京23区 (F101),http://www.gk-p.jp/wp-content/uploads/mhc/13-100-F1-01.jpg,第20弾
東京都,東京23区 (G101),http://www.gk-p.jp/wp-content/uploads/mhc/13-100-G1-01.jpg,第22弾
東京都,東京23区 (I101),http://www.gk-p.jp/wp-content/uploads/mhc/13-100-I1-01.jpg,第22弾
東京都,東京23区 (H101),http://www.gk-p.jp/wp-content/uploads/mhc/13-100-H1-01.jpg,第22弾
東京都,東京23区 (J101),http://www.gk-p.jp/wp-content/uploads/mhc/13-100-J1-01.jpg,第24弾
東京都,東京23区 (K101),http://www.gk-p.jp/wp-content/uploads/mhc/13-100-K1-01.jpg,第24弾
東京都,東京23区 (L101),http://www.gk-p.jp/wp-content/uploads/mhc/13-100-L1-01.jpg,第25弾
東京都,東京23区 (M101),http://www.gk-p.jp/wp-content/uploads/mhc/13-100-M1-01.jpg,第25弾
東京都,東京23区 (N101),http://www.gk-p.jp/wp-content/uploads/mhc/13-100-N1-01.jpg,第26弾
東京都,東京23区 (Z001),http://www.gk-p.jp/wp-content/uploads/mhc/13-100-Z-01.jpg,第15弾
東京都,東京23区 (A101),http://www.gk-p.jp/wp-content/uploads/mhc/13-100-A1-01.jpg,第15弾
東京都,東京23区 (B101),http://www.gk-p.jp/wp-content/uploads/mhc/13-100-B1-01.jpg,第15弾
東京都,東京都 千代田区 (F001),http://www.gk-p.jp/wp-content/uploads/mhc/13-100-F-01.jpg,第12弾
東京都,東京都 新宿区 (O001),http://www.gk-p.jp/wp-content/uploads/mhc/13-100-O01.jpg,第15弾
東京都,東京都 台東区 (Q001),http://www.gk-p.jp/wp-content/uploads/mhc/13-100tairoku-Q001-omote.jpg,第15弾
東京都,東京都 墨田区 (R001),http://www.gk-p.jp/wp-content/uploads/mhc/13-100-R01.jpg,第15弾
東京都,東京都 品川区 (S001),http://www.gk-p.jp/wp-content/uploads/mhc/13-100-S01-2.jpg,第15弾
東京都,東京都 大田区 (T001),http://www.gk-p.jp/wp-content/uploads/mhc/13-100-T01.jpg,第15弾
東京都,東京都 世田谷区 (G001),http://www.gk-p.jp/wp-content/uploads/mhc/13-100-G-01.jpg,第12弾
東京都,東京都 渋谷区 (H001),http://www.gk-p.jp/wp-content/uploads/mhc/13-100-H-01.jpg,第12弾
東京都,東京都 杉並区 (I001),http://www.gk-p.jp/wp-content/uploads/mhc/13-100-I-01.jpg,第12弾
東京都,東京都 杉並区 (U001),http://www.gk-p.jp/wp-content/uploads/mhc/13-100-U01.jpg,第15弾
東京都,東京都 豊島区 (J001),http://www.gk-p.jp/wp-content/uploads/mhc/13-100-J-01.jpg,第12弾
東京都,東京都 北区 (K001),http://www.gk-p.jp/wp-content/uploads/mhc/13-100-K-01.jpg,第12弾
東京都,東京都 練馬区 (V001),http://www.gk-p.jp/wp-content/uploads/mhc/13-100-V01-2.jpg,第15弾
東京都,東京都 足立区 (L001),http://www.gk-p.jp/wp-content/uploads/mhc/13-100-L-01.jpg,第12弾
東京都,東京都 足立区 (W001),http://www.gk-p.jp/wp-content/uploads/mhc/13-100-W01.jpg,第15弾
東京都,東京都 葛飾区 (X001),http://www.gk-p.jp/wp-content/uploads/mhc/13-100-X01.jpg,第15弾
東京都,東京都 江戸川区 (Y001),http://www.gk-p.jp/wp-content/uploads/mhc/13-100-Y01-2.jpg,第15弾
東京都,東京都都市づくり公社,http://www.gk-p.jp/wp-content/uploads/mhc/13-010-A-01.jpg,第27弾
東京都,八王子市,http://www.gk-p.jp/wp-content/uploads/mhc/13-201-A-01.jpg,第1弾
東京都,立川市 (A001),http://www.gk-p.jp/wp-content/uploads/mhc/13-202-A-01.jpg,第08弾
東京都,立川市 (B001),http://www.gk-p.jp/wp-content/uploads/mhc/13-202-B-01.jpg,第12弾
東京都,立川市 (C001),http://www.gk-p.jp/wp-content/uploads/mhc/13-202-C01.jpg,第16弾
東京都,武蔵野市 (A001),http://www.gk-p.jp/wp-content/uploads/mhc/13-203-A-01.jpg,第22弾
東京都,武蔵野市 (B001),http://www.gk-p.jp/wp-content/uploads/mhc/13-203-B-01.jpg,第24弾
東京都,三鷹市,http://www.gk-p.jp/wp-content/uploads/mhc/13-204-A01,第15弾
東京都,青梅市 (A001),http://www.gk-p.jp/wp-content/uploads/mhc/13-205-A-01.jpg,第14弾
東京都,青梅市 (B001),http://www.gk-p.jp/wp-content/uploads/mhc/13-205-B-01.jpg,第21弾
東京都,府中市 (A001),http://www.gk-p.jp/wp-content/uploads/mhc/13-206-A-01.jpg,第13弾
東京都,府中市 (B001),http://www.gk-p.jp/wp-content/uploads/mhc/13-206-B01.jpg,第16弾
東京都,昭島市 (A001),http://www.gk-p.jp/wp-content/uploads/mhc/13-207-A-01.jpg,第07弾
東京都,昭島市 (B001),http://www.gk-p.jp/wp-content/uploads/mhc/13-207-B-01.jpg,第24弾
東京都,調布市 (A001),http://www.gk-p.jp/wp-content/uploads/mhc/13-208-A-01.jpg,第10弾
東京都,調布市 (B001),http://www.gk-p.jp/wp-content/uploads/mhc/13-208-B-01.jpg,第25弾
東京都,町田市 (A001),http://www.gk-p.jp/wp-content/uploads/mhc/13-209-A-01.jpg,第10弾
東京都,町田市 (B001),http://www.gk-p.jp/wp-content/uploads/mhc/13-209-B-01.jpg,第12弾
東京都,小金井市 (A001),http://www.gk-p.jp/wp-content/uploads/mhc/13-210-A-01.jpg,第05弾
東京都,小金井市 (B001),http://www.gk-p.jp/wp-content/uploads/mhc/13-210-B-02.jpg,第12弾
東京都,小平市 (A001),http://www.gk-p.jp/wp-content/uploads/mhc/13-211-A-01.jpg,第02弾
東京都,小平市 (B001),http://www.gk-p.jp/wp-content/uploads/mhc/13-211-B-01.jpg,第12弾
東京都,日野市 (A001),http://www.gk-p.jp/wp-content/uploads/mhc/13-212-A-01.jpg,第10弾
東京都,日野市 (B001),http://www.gk-p.jp/wp-content/uploads/mhc/13-212-B-01.jpg,第21弾
東京都,国分寺市 (A001),http://www.gk-p.jp/wp-content/uploads/mhc/13-214-A-01.jpg,第06弾
東京都,国分寺市 (B001),http://www.gk-p.jp/wp-content/uploads/mhc/13-214-B-01.jpg,第19弾
東京都,国分寺市 (C001),http://www.gk-p.jp/wp-content/uploads/mhc/13-214-C-01.jpg,第24弾
東京都,国分寺市 (D001),http://www.gk-p.jp/wp-content/uploads/mhc/13-214-D-01.jpg,第26弾
東京都,国分寺市(E001),http://www.gk-p.jp/wp-content/uploads/mhc/13-214-E-01.jpg,第27弾
東京都,国立市 (A001),http://www.gk-p.jp/wp-content/uploads/mhc/13-215-A-01.jpg,第11弾
東京都,国立市 (B001),http://www.gk-p.jp/wp-content/uploads/mhc/13-215-B-01.jpg,第18弾
東京都,福生市,http://www.gk-p.jp/wp-content/uploads/mhc/13-218-A-01.jpg,第18弾
東京都,狛江市 (A001),http://www.gk-p.jp/wp-content/uploads/mhc/13-219-A-01.jpg,第06弾
東京都,狛江市 (B001),http://www.gk-p.jp/wp-content/uploads/mhc/13-219-B02.jpg,第15弾
東京都,東大和市,http://www.gk-p.jp/wp-content/uploads/mhc/13-220-A01.jpg,第12弾
東京都,清瀬市,http://www.gk-p.jp/wp-content/uploads/mhc/13-221-A01.jpg,第15弾
東京都,東久留米市 (A001),http://www.gk-p.jp/wp-content/uploads/mhc/13-222-A-02.jpg,第12弾
東京都,東久留米市 (B001),http://www.gk-p.jp/wp-content/uploads/mhc/13-222-B01.jpg,第15弾
東京都,東久留米市 (C001),http://www.gk-p.jp/wp-content/uploads/mhc/13-222-C-01.jpg,第15弾
東京都,東久留米市 (D001),http://www.gk-p.jp/wp-content/uploads/mhc/13-222-D01.jpg,第17弾
東京都,多摩市 (A001),http://www.gk-p.jp/wp-content/uploads/mhc/13-224-A-01.jpg,第6弾
東京都,多摩市 (B001),http://www.gk-p.jp/wp-content/uploads/mhc/13-224-B-01.jpg,第6弾
東京都,多摩市 (C001),http://www.gk-p.jp/wp-content/uploads/mhc/13-224-C-01.jpg,第8弾
東京都,多摩市 (D001),http://www.gk-p.jp/wp-content/uploads/mhc/13-224-D-01.jpg,第13弾
東京都,稲城市,http://www.gk-p.jp/wp-content/uploads/mhc/13-225-A01.jpg,第12弾
東京都,羽村市 (A001),http://www.gk-p.jp/wp-content/uploads/mhc/13-227-A-01.jpg,第3弾
東京都,羽村市 (B001),http://www.gk-p.jp/wp-content/uploads/mhc/13-227-B-01.jpg,第6弾
東京都,あきる野市 (A001),http://www.gk-p.jp/wp-content/uploads/mhc/13-228-A01-2.jpg,第15弾
東京都,あきる野市 (B001),http://www.gk-p.jp/wp-content/uploads/mhc/13-228-B01.jpg,第16弾
東京都,瑞穂町,http://www.gk-p.jp/wp-content/uploads/mhc/13-303-A-01.jpg,第4弾
東京都,日の出町,http://www.gk-p.jp/wp-content/uploads/mhc/13-305-A-01.jpg,第27弾
東京都,檜原村,http://www.gk-p.jp/wp-content/uploads/mhc/13-307-A-01.jpg,第13弾
東京都,小笠原村,http://www.gk-p.jp/wp-content/uploads/mhc/13-421-A-01.jpg,第18弾
神奈川県,横浜市 (A001),http://www.gk-p.jp/wp-content/uploads/mhc/14-100-A-01.jpg,第02弾
神奈川県,横浜市 (B001),http://www.gk-p.jp/wp-content/uploads/mhc/14-100-B-01.jpg,第04弾
神奈川県,横浜市 (C001),http://www.gk-p.jp/wp-content/uploads/mhc/14-100-C-01.jpg,第04弾
神奈川県,横浜市 (D001),http://www.gk-p.jp/wp-content/uploads/mhc/14-100-D-01.jpg,第10弾
神奈川県,川崎市 (A001),http://www.gk-p.jp/wp-content/uploads/mhc/14-130-A-01.jpg,第05弾
神奈川県,川崎市 (B001),http://www.gk-p.jp/wp-content/uploads/mhc/14-130-B01.jpg,第16弾
神奈川県,川崎市 (C001),http://www.gk-p.jp/wp-content/uploads/mhc/14-130-C-01.jpg,第18弾
神奈川県,相模原市 (A001),http://www.gk-p.jp/wp-content/uploads/mhc/14-150-A-01.jpg,第01弾
神奈川県,相模原市 (B001),http://www.gk-p.jp/wp-content/uploads/mhc/14-150-B-01.jpg,第09弾
神奈川県,相模原市 (C001),http://www.gk-p.jp/wp-content/uploads/mhc/14-150-C-01.jpg,第14弾
神奈川県,相模原市(D001),http://www.gk-p.jp/wp-content/uploads/mhc/14-150-D01.jpg,第17弾
神奈川県,横須賀市 (A001),http://www.gk-p.jp/wp-content/uploads/mhc/14-201-A-01.jpg,第01弾
神奈川県,横須賀市 (B001),http://www.gk-p.jp/wp-content/uploads/mhc/14-201-B-01.jpg,第15弾
神奈川県,横須賀市 (C001),http://www.gk-p.jp/wp-content/uploads/mhc/14-201-C-01.jpg,第21弾
神奈川県,横須賀市 (D001),http://www.gk-p.jp/wp-content/uploads/mhc/14-201-D-01.jpg,第26弾
神奈川県,平塚市,http://www.gk-p.jp/wp-content/uploads/mhc/14-203-A-01.jpg,第7弾
神奈川県,藤沢市 (A001),http://www.gk-p.jp/wp-content/uploads/mhc/14-205-A-01.jpg,第10弾
神奈川県,藤沢市 (B001),http://www.gk-p.jp/wp-content/uploads/mhc/14-205-B-01.jpg,第26弾
神奈川県,小田原市 (A001),http://www.gk-p.jp/wp-content/uploads/mhc/14-206-A-01.jpg,第07弾
神奈川県,小田原市 (B001),http://www.gk-p.jp/wp-content/uploads/mhc/14-206-B-01.jpg,第15弾
神奈川県,小田原市 (C001),http://www.gk-p.jp/wp-content/uploads/mhc/14-206-C01.jpg,第16弾
神奈川県,小田原市 (D001),http://www.gk-p.jp/wp-content/uploads/mhc/14-206-D-01.jpg,第19弾
神奈川県,小田原市 (E001),http://www.gk-p.jp/wp-content/uploads/mhc/14-206-E-01.jpg,第22弾
神奈川県,小田原市 (F001),http://www.gk-p.jp/wp-content/uploads/mhc/14-206-F-01.jpg,第25弾
神奈川県,茅ヶ崎市 (A001),http://www.gk-p.jp/wp-content/uploads/mhc/14-207-A-01.jpg,第18弾
神奈川県,茅ヶ崎市 (B001),http://www.gk-p.jp/wp-content/uploads/mhc/14-207-B-01.jpg,第26弾
神奈川県,逗子市,http://www.gk-p.jp/wp-content/uploads/mhc/14-208-A01.jpg,第16弾
神奈川県,三浦市,http://www.gk-p.jp/wp-content/uploads/mhc/14-210-A-01.jpg,第14弾
神奈川県,秦野市,http://www.gk-p.jp/wp-content/uploads/mhc/14-211-A-01.jpg,第8弾
神奈川県,厚木市 (A001),http://www.gk-p.jp/wp-content/uploads/mhc/14-212-A-01.jpg,第03弾
神奈川県,厚木市 (B001),http://www.gk-p.jp/wp-content/uploads/mhc/14-212-B-01.jpg,第20弾
神奈川県,厚木市 (C001),http://www.gk-p.jp/wp-content/uploads/mhc/14-212-C-01.jpg,第24弾
神奈川県,大和市,http://www.gk-p.jp/wp-content/uploads/mhc/14-213-A-01.jpg,第10弾
神奈川県,伊勢原市,http://www.gk-p.jp/wp-content/uploads/mhc/14-214-A-01.jpg,第11弾
神奈川県,海老名市,http://www.gk-p.jp/wp-content/uploads/mhc/14-215-A01.jpg,第16弾
神奈川県,座間市,http://www.gk-p.jp/wp-content/uploads/mhc/14-216-A-01.jpg,第10弾
神奈川県,綾瀬市,http://www.gk-p.jp/wp-content/uploads/mhc/14-218-A-01.jpg,第23弾
神奈川県,葉山町 (A001),http://www.gk-p.jp/wp-content/uploads/mhc/14-301-A-01.jpg,第11弾
神奈川県,葉山町(B001),http://www.gk-p.jp/wp-content/uploads/mhc/14-301-B-01.jpg,第27弾
神奈川県,中井町,http://www.gk-p.jp/wp-content/uploads/mhc/14-361-A-01.jpg,第6弾
神奈川県,大井町,http://www.gk-p.jp/wp-content/uploads/mhc/14-362-A-01.jpg,第7弾
神奈川県,山北町,http://www.gk-p.jp/wp-content/uploads/mhc/14-364-A-01.jpg,第21弾
神奈川県,愛川町,http://www.gk-p.jp/wp-content/uploads/mhc/14-401-A-01.jpg,第7弾
神奈川県,清川村,http://www.gk-p.jp/wp-content/uploads/mhc/14-402-A-01.jpg,第11弾
新潟県,新潟県 (流域下水道),http://www.gk-p.jp/wp-content/uploads/mhc/15-000-A-01.jpg,第6弾
新潟県,新潟市 (A001),http://www.gk-p.jp/wp-content/uploads/mhc/15-100-A-01.jpg,第1弾
新潟県,新潟市 (B001),http://www.gk-p.jp/wp-content/uploads/mhc/15-100-B-01.jpg,第6弾
新潟県,長岡市 (A001),http://www.gk-p.jp/wp-content/uploads/mhc/15-202-A-01.jpg,第07弾
新潟県,長岡市 (B001),http://www.gk-p.jp/wp-content/uploads/mhc/15-202-B-01.jpg,第13弾
新潟県,長岡市 (C001),http://www.gk-p.jp/wp-content/uploads/mhc/15-202-C-01.jpg,第14弾
新潟県,長岡市 (D001),http://www.gk-p.jp/wp-content/uploads/mhc/15-202-D-01.jpg,第18弾
新潟県,長岡市 (E001),http://www.gk-p.jp/wp-content/uploads/mhc/15-202-E-01.jpg,第19弾
新潟県,長岡市 (F001),http://www.gk-p.jp/wp-content/uploads/mhc/15-202-F-01.jpg,第22弾
新潟県,三条市,http://www.gk-p.jp/wp-content/uploads/mhc/15-204-A-01.jpg,第5弾
新潟県,柏崎市 (A001),http://www.gk-p.jp/wp-content/uploads/mhc/15-205-A-01.jpg,第09弾
新潟県,柏崎市 (B001),http://www.gk-p.jp/wp-content/uploads/mhc/15-205-B-01.jpg,第13弾
新潟県,新発田市 (A001),http://www.gk-p.jp/wp-content/uploads/mhc/15-206-A-01.jpg,第08弾
新潟県,新発田市 (B001),http://www.gk-p.jp/wp-content/uploads/mhc/15-206-B-01.jpg,第12弾
新潟県,新発田市 (C001),http://www.gk-p.jp/wp-content/uploads/mhc/15-206-C01.jpg,第16弾
新潟県,小千谷市 (A001),http://www.gk-p.jp/wp-content/uploads/mhc/15-208-A-01.jpg,第03弾
新潟県,小千谷市 (B001),http://www.gk-p.jp/wp-content/uploads/mhc/15-208-B01.jpg,第16弾
新潟県,加茂市,http://www.gk-p.jp/wp-content/uploads/mhc/15-209-A-01.jpg,第18弾
新潟県,十日町市 (A001),http://www.gk-p.jp/wp-content/uploads/mhc/15-210-A-01.jpg,第7弾
新潟県,十日町市 (B001),http://www.gk-p.jp/wp-content/uploads/mhc/15-210-B-01.jpg,第8弾
新潟県,十日町市 (C001),http://www.gk-p.jp/wp-content/uploads/mhc/15-210-C-01.jpg,第13弾
新潟県,見附市,http://www.gk-p.jp/wp-content/uploads/mhc/15-211-A01.jpg,第17弾
新潟県,村上市 (A001),http://www.gk-p.jp/wp-content/uploads/mhc/15-212-A-01.jpg,第4弾
新潟県,村上市 (B001),http://www.gk-p.jp/wp-content/uploads/mhc/15-212-B-01.jpg,第5弾
新潟県,村上市 (C001),http://www.gk-p.jp/wp-content/uploads/mhc/15-212-C-01.jpg,第6弾
新潟県,村上市 (D001),http://www.gk-p.jp/wp-content/uploads/mhc/15-212-D-01.jpg,第8弾
新潟県,村上市(E001),http://www.gk-p.jp/wp-content/uploads/mhc/15-212-E-01.jpg,第11弾
新潟県,燕市 (A001),http://www.gk-p.jp/wp-content/uploads/mhc/15-213-A-02.jpg,第06弾
新潟県,燕市 (B001),http://www.gk-p.jp/wp-content/uploads/mhc/15-213-B-01.jpg,第10弾
新潟県,燕市 (C001),http://www.gk-p.jp/wp-content/uploads/mhc/15-213-C01.jpg,第16弾
新潟県,燕市 (D001),http://www.gk-p.jp/wp-content/uploads/mhc/15-213-D01.jpg,第17弾
新潟県,糸魚川市,http://www.gk-p.jp/wp-content/uploads/mhc/15-216-A-01.jpg,第10弾
新潟県,阿賀野市,http://www.gk-p.jp/wp-content/uploads/mhc/15-223-A-01.jpg,第8弾
新潟県,佐渡市 (A001),http://www.gk-p.jp/wp-content/uploads/mhc/15-224-A-01.jpg,第21弾
新潟県,佐渡市 (B001),http://www.gk-p.jp/wp-content/uploads/mhc/15-224-B-01.jpg,第22弾
新潟県,佐渡市 (C001),http://www.gk-p.jp/wp-content/uploads/mhc/15-224-C-01.jpg,第23弾
新潟県,佐渡市 (D001),http://www.gk-p.jp/wp-content/uploads/mhc/15-224-D-01.jpg,第24弾
新潟県,佐渡市 (E001),http://www.gk-p.jp/wp-content/uploads/mhc/15-224-E-01.jpg,第25弾
新潟県,佐渡市 (F001),http://www.gk-p.jp/wp-content/uploads/mhc/15-224-F-01.jpg,第26弾
新潟県,佐渡市 (G001),http://www.gk-p.jp/wp-content/uploads/mhc/15-224-G-01.jpg,第27弾
新潟県,胎内市 (A001),http://www.gk-p.jp/wp-content/uploads/mhc/15-227-A-01.jpg,第10弾
新潟県,胎内市 (B001),http://www.gk-p.jp/wp-content/uploads/mhc/15-227-B-01.jpg,第21弾
新潟県,出雲崎町,http://www.gk-p.jp/wp-content/uploads/mhc/15-405-A01.jpg,第16弾
富山県,富山市 (A001),http://www.gk-p.jp/wp-content/uploads/mhc/16-201-A-01.jpg,第02弾
富山県,富山市 (B001),http://www.gk-p.jp/wp-content/uploads/mhc/16-201-B-01.jpg,第9弾
富山県,富山市(C001),http://www.gk-p.jp/wp-content/uploads/mhc/16-201-C-01.jpg,第11弾
富山県,富山市 (D001),http://www.gk-p.jp/wp-content/uploads/mhc/16-201-D-01.jpg,第13弾
富山県,富山市 (E001),http://www.gk-p.jp/wp-content/uploads/mhc/16-201-E-01.jpg,第15弾
富山県,富山市 (F001),http://www.gk-p.jp/wp-content/uploads/mhc/16-201-F01.jpg,第16弾
富山県,富山市 (G001),http://www.gk-p.jp/wp-content/uploads/mhc/16-201-G01.jpg,第17弾
富山県,富山市 (H001),http://www.gk-p.jp/wp-content/uploads/mhc/16-201-H-01.jpg,第24弾
富山県,高岡市 (A001),http://www.gk-p.jp/wp-content/uploads/mhc/16-202-A-01.jpg,第09弾
富山県,高岡市 (B001),http://www.gk-p.jp/wp-content/uploads/mhc/16-202-B-01.jpg,第14弾
富山県,氷見市,http://www.gk-p.jp/wp-content/uploads/mhc/16-205-A-01.jpg,第6弾
富山県,滑川市,http://www.gk-p.jp/wp-content/uploads/mhc/16-206-A-01.jpg,第23弾
富山県,砺波市,http://www.gk-p.jp/wp-content/uploads/mhc/16-208-A-01.jpg,第14弾
富山県,小矢部市 (A001),http://www.gk-p.jp/wp-content/uploads/mhc/16-209-A-01.jpg,第10弾
富山県,小矢部市 (B001),http://www.gk-p.jp/wp-content/uploads/mhc/16-209-B01.jpg,第17弾
富山県,射水市,http://www.gk-p.jp/wp-content/uploads/mhc/16-211-A-01.jpg,第5弾
富山県,舟橋村,http://www.gk-p.jp/wp-content/uploads/mhc/16-321-A-01.jpg,第9弾
石川県,金沢市,http://www.gk-p.jp/wp-content/uploads/mhc/17-201-A-01.jpg,第23弾
石川県,輪島市 (A001),http://www.gk-p.jp/wp-content/uploads/mhc/17-204-A-01.jpg,第11弾
石川県,輪島市 (B001),http://www.gk-p.jp/wp-content/uploads/mhc/17-204-B-01.jpg,第13弾
石川県,かほく市,http://www.gk-p.jp/wp-content/uploads/mhc/17-209-A-01.jpg,第2弾
石川県,志賀町,http://www.gk-p.jp/wp-content/uploads/mhc/17-384-A-01.jpg,第8弾
石川県,中能登町,http://www.gk-p.jp/wp-content/uploads/mhc/17-407-A-01.jpg,第12弾
石川県,穴水町,http://www.gk-p.jp/wp-content/uploads/mhc/17-461-A-01.jpg,第25弾
石川県,能登町,http://www.gk-p.jp/wp-content/uploads/mhc/17-463-A01.jpg,第16弾
石川県,能登町 (B001),http://www.gk-p.jp/wp-content/uploads/mhc/17-463-B-01.jpg,第18弾
石川県,能登町 (C001),http://www.gk-p.jp/wp-content/uploads/mhc/17-463-C-01.jpg,第20弾
福井県,福井市 (A001),http://www.gk-p.jp/wp-content/uploads/mhc/18-201-A-01.jpg,第02弾
福井県,福井市 (B001),http://www.gk-p.jp/wp-content/uploads/mhc/18-201-B-01.jpg,第08弾
福井県,敦賀市 (A001),http://www.gk-p.jp/wp-content/uploads/mhc/18-202-A-01.jpg,第06弾
福井県,敦賀市 (B001),http://www.gk-p.jp/wp-content/uploads/mhc/18-202-B01.jpg,第17弾
福井県,大野市,http://www.gk-p.jp/wp-content/uploads/mhc/18-205-A-01.jpg,第3弾
福井県,勝山市 (A001),http://www.gk-p.jp/wp-content/uploads/mhc/18-206-A-01.jpg,第04弾
福井県,勝山市 (B001),http://www.gk-p.jp/wp-content/uploads/mhc/18-206-B-01.jpg,第22弾
福井県,越前市,http://www.gk-p.jp/wp-content/uploads/mhc/18-209-A-01.jpg,第8弾
福井県,高浜町,http://www.gk-p.jp/wp-content/uploads/mhc/18-481-A-01.jpg,第12弾
福井県,若狭町,http://www.gk-p.jp/wp-content/uploads/mhc/18-501-A-01.jpg,第26弾
山梨県,甲府市 (A001),http://www.gk-p.jp/wp-content/uploads/mhc/19-201-A-01.jpg,第08弾
山梨県,甲府市 (B001),http://www.gk-p.jp/wp-content/uploads/mhc/19-201-B-01.jpg,第12弾
山梨県,甲府市(C001),http://www.gk-p.jp/wp-content/uploads/mhc/19-201-C-01.jpg,第27弾
山梨県,都留市 (A001),http://www.gk-p.jp/wp-content/uploads/mhc/19-204-A-01.jpg,第21弾
山梨県,都留市 (B001),http://www.gk-p.jp/wp-content/uploads/mhc/19-204-B-01.jpg,第27弾
山梨県,大月市,http://www.gk-p.jp/wp-content/uploads/mhc/19-206-A-01.jpg,第21弾
山梨県,南アルプス市 (A001),http://www.gk-p.jp/wp-content/uploads/mhc/19-208-A-01.jpg,第13弾
山梨県,南アルプス市 (B001),http://www.gk-p.jp/wp-content/uploads/mhc/19-208-B-01.jpg,第26弾
山梨県,甲斐市 (A001),http://www.gk-p.jp/wp-content/uploads/mhc/19-210-A-01.jpg,第2弾
山梨県,甲斐市 (B001),http://www.gk-p.jp/wp-content/uploads/mhc/19-210-B-01.jpg,第9弾
山梨県,上野原市,http://www.gk-p.jp/wp-content/uploads/mhc/19-212-A-01.jpg,第3弾
山梨県,中央市,http://www.gk-p.jp/wp-content/uploads/mhc/19-214-A-01.jpg,第2弾
山梨県,富士河口湖町 (A001),http://www.gk-p.jp/wp-content/uploads/mhc/19-430-A01.jpg,第16弾
山梨県,富士河口湖町 (B001),http://www.gk-p.jp/wp-content/uploads/mhc/19-430-B-01.jpg,第19弾
山梨県,富士河口湖町 (C001),http://www.gk-p.jp/wp-content/uploads/mhc/19-430-C-01.jpg,第24弾
長野県,長野県 (流域下水道・A001),http://www.gk-p.jp/wp-content/uploads/mhc/20-000-A-01.jpg,第01弾
長野県,長野県 (流域下水道・B001),http://www.gk-p.jp/wp-content/uploads/mhc/20-000-B-01.jpg,第03弾
長野県,長野県(流域下水道・C001),http://www.gk-p.jp/wp-content/uploads/mhc/20-000-C-01.jpg,第11弾
長野県,長野県 (流域下水道・D001),http://www.gk-p.jp/wp-content/uploads/mhc/20-000-D-01.jpg,第23弾
長野県,流域下水道 (E001),http://www.gk-p.jp/wp-content/uploads/mhc/20-000-E-01.jpg,第27弾
長野県,長野市,http://www.gk-p.jp/wp-content/uploads/mhc/20-201-A-01.jpg,第14弾
長野県,松本市,http://www.gk-p.jp/wp-content/uploads/mhc/20-202-A-01.jpg,第6弾
長野県,上田市 (A001),http://www.gk-p.jp/wp-content/uploads/mhc/20-203-A-01.jpg,第18弾
長野県,上田市 (B001),http://www.gk-p.jp/wp-content/uploads/mhc/20-203-B-01.jpg,第20弾
長野県,上田市 (C001),http://www.gk-p.jp/wp-content/uploads/mhc/20-203-C-01.jpg,第25弾
長野県,岡谷市,http://www.gk-p.jp/wp-content/uploads/mhc/20-204-A-01.jpg,第12弾
長野県,飯田市 (A001),http://www.gk-p.jp/wp-content/uploads/mhc/20-205-A-01.jpg,第10弾
長野県,飯田市 (B001),http://www.gk-p.jp/wp-content/uploads/mhc/20-205-B-01.jpg,第13弾
長野県,諏訪市,http://www.gk-p.jp/wp-content/uploads/mhc/20-206-A-01.jpg,第11弾
長野県,小諸市 (A001),http://www.gk-p.jp/wp-content/uploads/mhc/20-208-A-01.jpg,第06弾
長野県,小諸市 (B001),http://www.gk-p.jp/wp-content/uploads/mhc/20-208-B-01.jpg,第19弾
長野県,小諸市 (C001),http://www.gk-p.jp/wp-content/uploads/mhc/20-208-C-01.jpg,第26弾
長野県,伊那市 (A001),http://www.gk-p.jp/wp-content/uploads/mhc/20-209-A-01.jpg,第11弾
長野県,伊那市 (B001),http://www.gk-p.jp/wp-content/uploads/mhc/20-209-B-01.jpg,第12弾
長野県,伊那市 (C001),http://www.gk-p.jp/wp-content/uploads/mhc/20-209-C-01.jpg,第14弾
長野県,駒ヶ根市,http://www.gk-p.jp/wp-content/uploads/mhc/20-210-A01.jpg,第16弾
長野県,大町市,http://www.gk-p.jp/wp-content/uploads/mhc/20-212-A-01.jpg,第9弾
長野県,飯山市,http://www.gk-p.jp/wp-content/uploads/mhc/20-213-A-01.jpg,第5弾
長野県,茅野市,http://www.gk-p.jp/wp-content/uploads/mhc/20-214-A-01.jpg,第6弾
長野県,佐久市 (A001),http://www.gk-p.jp/wp-content/uploads/mhc/20-217-A-01.jpg,第11弾
長野県,佐久市 (B001),http://www.gk-p.jp/wp-content/uploads/mhc/20-217-B-01.jpg,第15弾
長野県,佐久市 (C001),http://www.gk-p.jp/wp-content/uploads/mhc/20-217-C-01.jpg,第18弾
長野県,佐久市 (D001),http://www.gk-p.jp/wp-content/uploads/mhc/20-217-D-01.jpg,第24弾
長野県,千曲市 (A001),http://www.gk-p.jp/wp-content/uploads/mhc/20-218-A-01.jpg,第7弾
長野県,千曲市 (B001),http://www.gk-p.jp/wp-content/uploads/mhc/20-218-B-01.jpg,第8弾
長野県,千曲市(C001),http://www.gk-p.jp/wp-content/uploads/mhc/20-218-C-01.jpg,第11弾
長野県,東御市,http://www.gk-p.jp/wp-content/uploads/mhc/20-219-A-01.jpg,第19弾
長野県,安曇野市,http://www.gk-p.jp/wp-content/uploads/mhc/20-220-A-01.jpg,第14弾
長野県,軽井沢町,http://www.gk-p.jp/wp-content/uploads/mhc/20-321-A-01.jpg,第26弾
長野県,下諏訪町 (A001),http://www.gk-p.jp/wp-content/uploads/mhc/20-361-A-01.jpg,第14弾
長野県,下諏訪町 (B001),http://www.gk-p.jp/wp-content/uploads/mhc/20-361-B-01.jpg,第22弾
長野県,下諏訪町 (C001),http://www.gk-p.jp/wp-content/uploads/mhc/20-361-C-01.jpg,第23弾
長野県,南箕輪村,http://www.gk-p.jp/wp-content/uploads/mhc/20-385-A-01.jpg,第12弾
長野県,高森町 (A001),http://www.gk-p.jp/wp-content/uploads/mhc/20-403-A01.jpg,第16弾
長野県,高森町 (B001),http://www.gk-p.jp/wp-content/uploads/mhc/20-403-B-01.jpg,第22弾
長野県,南木曽町,http://www.gk-p.jp/wp-content/uploads/mhc/20-423-A-01.jpg,第11弾
長野県,大桑村,http://www.gk-p.jp/wp-content/uploads/mhc/20-430-A-01.jpg,第14弾
長野県,朝日村,http://www.gk-p.jp/wp-content/uploads/mhc/20-451-A-01.jpg,第9弾
長野県,筑北村,http://www.gk-p.jp/wp-content/uploads/mhc/20-452-A.jpg,第18弾
長野県,小布施町 (A001),http://www.gk-p.jp/wp-content/uploads/mhc/20-541-A-01.jpg,第22弾
長野県,小布施町 (B001),http://www.gk-p.jp/wp-content/uploads/mhc/20-541-B-01.jpg,第25弾
岐阜県,大垣市,http://www.gk-p.jp/wp-content/uploads/mhc/21-202-A-01.jpg,第8弾
岐阜県,高山市(A001),http://www.gk-p.jp/wp-content/uploads/mhc/21-203-A-01.jpg,第09弾
岐阜県,高山市(B001),http://www.gk-p.jp/wp-content/uploads/mhc/21-203-B-01.jpg,第11弾
岐阜県,高山市 (C001),http://www.gk-p.jp/wp-content/uploads/mhc/21-203-C-01.jpg,第13弾
岐阜県,高山市 (D001),http://www.gk-p.jp/wp-content/uploads/mhc/21-203-D-01.jpg,第14弾
岐阜県,高山市 (E001),http://www.gk-p.jp/wp-content/uploads/mhc/21-203-E-01.jpg,第15弾
岐阜県,高山市 (F001),http://www.gk-p.jp/wp-content/uploads/mhc/21-203-F01.jpg,第17弾
岐阜県,高山市 (G001),http://www.gk-p.jp/wp-content/uploads/mhc/21-203-G-01.jpg,第18弾
岐阜県,高山市 (H001),http://www.gk-p.jp/wp-content/uploads/mhc/21-203-H-01.jpg,第20弾
岐阜県,高山市 (I001),http://www.gk-p.jp/wp-content/uploads/mhc/21-203-I-01.jpg,第22弾
岐阜県,関市,http://www.gk-p.jp/wp-content/uploads/mhc/21-205-A-01.jpg,第8弾
岐阜県,中津川市,http://www.gk-p.jp/wp-content/uploads/mhc/21-206-A-01.jpg,第5弾
岐阜県,恵那市 (A001),http://www.gk-p.jp/wp-content/uploads/mhc/21-210-A-01.jpg,第21弾
岐阜県,恵那市 (B001),http://www.gk-p.jp/wp-content/uploads/mhc/21-210-B-01.jpg,第24弾
岐阜県,美濃加茂市,http://www.gk-p.jp/wp-content/uploads/mhc/21-211-A-01.jpg,第8弾
岐阜県,各務原市,http://www.gk-p.jp/wp-content/uploads/mhc/21-213-A-01.jpg,第19弾
岐阜県,瑞穂市,http://www.gk-p.jp/wp-content/uploads/mhc/21-216-A-01.jpg,第2弾
岐阜県,飛騨市 (A001),http://www.gk-p.jp/wp-content/uploads/mhc/21-217-A-01.jpg,第09弾
岐阜県,飛騨市 (B001),http://www.gk-p.jp/wp-content/uploads/mhc/21-217-B-01.jpg,第10弾
岐阜県,郡上市 (A001),http://www.gk-p.jp/wp-content/uploads/mhc/21-219-A-01.jpg,第05弾
岐阜県,郡上市 (B001),http://www.gk-p.jp/wp-content/uploads/mhc/21-219-B-01.jpg,第10弾
岐阜県,郡上市 (C001),http://www.gk-p.jp/wp-content/uploads/mhc/21-219-C-01.jpg,第13弾
岐阜県,郡上市 (D001),http://www.gk-p.jp/wp-content/uploads/mhc/21-219-D-01.jpg,第24弾
岐阜県,海津市,http://www.gk-p.jp/wp-content/uploads/mhc/21-221-A-01.jpg,第21弾
岐阜県,垂井町,http://www.gk-p.jp/wp-content/uploads/mhc/21-361-A-01.jpg,第11弾
岐阜県,池田町 (A001),http://www.gk-p.jp/wp-content/uploads/mhc/21-404-A-01.jpg,第1弾
岐阜県,池田町 (B001),http://www.gk-p.jp/wp-content/uploads/mhc/21-404-B-01.jpg,第2弾
静岡県,静岡市 (A001),http://www.gk-p.jp/wp-content/uploads/mhc/22-100-A02.jpg,第4弾
静岡県,静岡市 (B001),http://www.gk-p.jp/wp-content/uploads/mhc/22-100-B-01.jpg,第9弾
静岡県,浜松市 (A001),http://www.gk-p.jp/wp-content/uploads/mhc/22-130-A-01.jpg,第04弾
静岡県,浜松市 (B001),http://www.gk-p.jp/wp-content/uploads/mhc/22-130-B-01.jpg,第21弾
静岡県,沼津市(A001),http://www.gk-p.jp/wp-content/uploads/mhc/22-203-A-01.jpg,第5弾
静岡県,沼津市(B001),http://www.gk-p.jp/wp-content/uploads/mhc/22-203-B-01.jpg,第11弾
静岡県,熱海市 (A001),http://www.gk-p.jp/wp-content/uploads/mhc/22-205-A-01.jpg,第8弾
静岡県,熱海市 (B001),http://www.gk-p.jp/wp-content/uploads/mhc/22-205-B-01.jpg,第9弾
静岡県,三島市,http://www.gk-p.jp/wp-content/uploads/mhc/22-206-A-01.jpg,第11弾
静岡県,富士宮市 (A001),http://www.gk-p.jp/wp-content/uploads/mhc/22-207-A-01.jpg,第12弾
静岡県,富士宮市 (B001),http://www.gk-p.jp/wp-content/uploads/mhc/22-207-B-01.jpg,第13弾
静岡県,富士宮市 (C001),http://www.gk-p.jp/wp-content/uploads/mhc/22-207-C-01.jpg,第14弾
静岡県,伊東市,http://www.gk-p.jp/wp-content/uploads/mhc/22-208-A-01.jpg,第11弾
静岡県,富士市 (A001),http://www.gk-p.jp/wp-content/uploads/mhc/22-210-A-01.jpg,第1弾
静岡県,富士市 (B001) 岳南排水路管理組合,http://www.gk-p.jp/wp-content/uploads/mhc/22-210-B-02.jpg,第13弾
静岡県,磐田市,http://www.gk-p.jp/wp-content/uploads/mhc/22-211-A-01.jpg,第7弾
静岡県,焼津市,http://www.gk-p.jp/wp-content/uploads/mhc/22-212-A-01.jpg,第6弾
静岡県,掛川市,http://www.gk-p.jp/wp-content/uploads/mhc/22-213-A-01.jpg,第11弾
静岡県,藤枝市,http://www.gk-p.jp/wp-content/uploads/mhc/22-214-A-01.jpg,第8弾
静岡県,御殿場市,http://www.gk-p.jp/wp-content/uploads/mhc/22-215-A-01.jpg,第9弾
静岡県,下田市,http://www.gk-p.jp/wp-content/uploads/mhc/22-219-A-01.jpg,第20弾
静岡県,裾野市,http://www.gk-p.jp/wp-content/uploads/mhc/22-220-A-01.jpg,第27弾
静岡県,湖西市,http://www.gk-p.jp/wp-content/uploads/mhc/22-221-A-01.jpg,第19弾
静岡県,伊豆の国市,http://www.gk-p.jp/wp-content/uploads/mhc/22-225-A-01.jpg,第11弾
静岡県,南伊豆町,http://www.gk-p.jp/wp-content/uploads/mhc/22-304-A-01.jpg,第3弾
静岡県,長泉町 (A001),http://www.gk-p.jp/wp-content/uploads/mhc/22-342-A-01.jpg,第08弾
静岡県,長泉町 (B001),http://www.gk-p.jp/wp-content/uploads/mhc/22-342-B-01.jpg,第24弾
静岡県,小山町,http://www.gk-p.jp/wp-content/uploads/mhc/22-344-A-01.jpg,第8弾
静岡県,吉田町,http://www.gk-p.jp/wp-content/uploads/mhc/22-424-A-01.jpg,第13弾
静岡県,森町,http://www.gk-p.jp/wp-content/uploads/mhc/22-461-A-01.jpg,第19弾
愛知県,愛知県 (流域下水道),http://www.gk-p.jp/wp-content/uploads/mhc/23-000-A-01.jpg,第9弾
愛知県,名古屋市 (A001),http://www.gk-p.jp/wp-content/uploads/mhc/23-100-A-01.jpg,第1弾
愛知県,名古屋市 (B001),http://www.gk-p.jp/wp-content/uploads/mhc/23-100-B-01.jpg,第2弾
愛知県,豊橋市 (A001),http://www.gk-p.jp/wp-content/uploads/mhc/23-201-A-01.jpg,第2弾
愛知県,豊橋市 (B001),http://www.gk-p.jp/wp-content/uploads/mhc/23-201-B-01.jpg,第2弾
愛知県,豊橋市 (C001),http://www.gk-p.jp/wp-content/uploads/mhc/23-201-C-01.jpg,第2弾
愛知県,岡崎市(A001),http://www.gk-p.jp/wp-content/uploads/mhc/23-202-A-01.jpg,第02弾
愛知県,岡崎市(B001),http://www.gk-p.jp/wp-content/uploads/mhc/23-202-B-01.jpg,第11弾
愛知県,岡崎市 (C001),http://www.gk-p.jp/wp-content/uploads/mhc/23-202-C-01.jpg,第13弾
愛知県,岡崎市 (D001),http://www.gk-p.jp/wp-content/uploads/mhc/23-202-D-01.jpg,第14弾
愛知県,岡崎市 (E001),http://www.gk-p.jp/wp-content/uploads/mhc/23-202-E-01.jpg,第15弾
愛知県,岡崎市 (F001),http://www.gk-p.jp/wp-content/uploads/mhc/23-202-F01.jpg,第17弾
愛知県,岡崎市 (G001),http://www.gk-p.jp/wp-content/uploads/mhc/23-202-G-01.jpg,第21弾
愛知県,一宮市,http://www.gk-p.jp/wp-content/uploads/mhc/23-203-A-01.jpg,第4弾
愛知県,瀬戸市 (A001),http://www.gk-p.jp/wp-content/uploads/mhc/23-204-A-01.jpg,第03弾
愛知県,瀬戸市 (B001),http://www.gk-p.jp/wp-content/uploads/mhc/23-204-B-01.jpg,第19弾
愛知県,半田市(A001),http://www.gk-p.jp/wp-content/uploads/mhc/23-205-A-01.jpg,第09弾
愛知県,半田市(B001),http://www.gk-p.jp/wp-content/uploads/mhc/23-205-B-01.jpg,第11弾
愛知県,半田市 (C001),http://www.gk-p.jp/wp-content/uploads/mhc/23-205-C01.jpg,第16弾
愛知県,豊川市,http://www.gk-p.jp/wp-content/uploads/mhc/23-207-A-01.jpg,第1弾
愛知県,津島市,http://www.gk-p.jp/wp-content/uploads/mhc/23-208-A01.jpg,第17弾
愛知県,碧南市,http://www.gk-p.jp/wp-content/uploads/mhc/23-209-A-01.jpg,第9弾
愛知県,刈谷市,http://www.gk-p.jp/wp-content/uploads/mhc/23-210-A-01.jpg,第14弾
愛知県,豊田市 (A001),http://www.gk-p.jp/wp-content/uploads/mhc/23-211-A-01.jpg,第02弾
愛知県,豊田市 (B001),http://www.gk-p.jp/wp-content/uploads/mhc/23-211-B-01.jpg,第10弾
愛知県,豊田市 (C001),http://www.gk-p.jp/wp-content/uploads/mhc/23-211-C-01.jpg,第23弾
愛知県,安城市 (A001),http://www.gk-p.jp/wp-content/uploads/mhc/23-212-A-01.jpg,第03弾
愛知県,安城市 (B001),http://www.gk-p.jp/wp-content/uploads/mhc/23-212-B-01.jpg,第19弾
愛知県,西尾市,http://www.gk-p.jp/wp-content/uploads/mhc/23-213-A-01.jpg,第20弾
愛知県,蒲郡市,http://www.gk-p.jp/wp-content/uploads/mhc/23-214-A-01.jpg,第21弾
愛知県,犬山市,http://www.gk-p.jp/wp-content/uploads/mhc/23-215-A-01.jpg,第9弾
愛知県,常滑市 (A001),http://www.gk-p.jp/wp-content/uploads/mhc/23-216-A-01.jpg,第23弾
愛知県,常滑市(B001),http://www.gk-p.jp/wp-content/uploads/mhc/23-216-B-01.jpg,第27弾
愛知県,江南市,http://www.gk-p.jp/wp-content/uploads/mhc/23-217-A-01.jpg,第12弾
愛知県,小牧市,http://www.gk-p.jp/wp-content/uploads/mhc/23-219-A-01.jpg,第13弾
愛知県,稲沢市,http://www.gk-p.jp/wp-content/uploads/mhc/23-220-A-01.jpg,第5弾
愛知県,大府市,http://www.gk-p.jp/wp-content/uploads/mhc/23-223-A-01.jpg,第10弾
愛知県,知多市,http://www.gk-p.jp/wp-content/uploads/mhc/23-224-A-01.jpg,第13弾
愛知県,知立市,http://www.gk-p.jp/wp-content/uploads/mhc/23-225-A-01.jpg,第20弾
愛知県,尾張旭市,http://www.gk-p.jp/wp-content/uploads/mhc/23-226-A02.jpg,第5弾
愛知県,高浜市 (A001),http://www.gk-p.jp/wp-content/uploads/mhc/23-227-A-01.jpg,第04弾
愛知県,高浜市 (B001),http://www.gk-p.jp/wp-content/uploads/mhc/23-227-B-01.jpg,第15弾
愛知県,豊明市,http://www.gk-p.jp/wp-content/uploads/mhc/23-229-A-01.jpg,第5弾
愛知県,愛西市,http://www.gk-p.jp/wp-content/uploads/mhc/23-232-A-01.jpg,第21弾
愛知県,北名古屋市,http://www.gk-p.jp/wp-content/uploads/mhc/23-234A.jpg,第8弾
愛知県,弥富市,http://www.gk-p.jp/wp-content/uploads/mhc/23-235-A-01.jpg,第18弾
愛知県,みよし市,http://www.gk-p.jp/wp-content/uploads/mhc/23-236-A-01.jpg,第14弾
愛知県,みよし市 (B001),http://www.gk-p.jp/wp-content/uploads/mhc/23-236-B-01.jpg,第19弾
愛知県,長久手市,http://www.gk-p.jp/wp-content/uploads/mhc/23-238-A-01.jpg,第5弾
愛知県,豊山町,http://www.gk-p.jp/wp-content/uploads/mhc/23-342-A-01.jpg,第6弾
愛知県,大口町,http://www.gk-p.jp/wp-content/uploads/mhc/23-361-A-01.jpg,第26弾
愛知県,扶桑町,http://www.gk-p.jp/wp-content/uploads/mhc/23-362-A-01.jpg,第11弾
愛知県,大治町,http://www.gk-p.jp/wp-content/uploads/mhc/23-424-A-01.jpg,第15弾
愛知県,蟹江町,http://www.gk-p.jp/wp-content/uploads/mhc/23-425-A-01.jpg,第10弾
愛知県,阿久比町,http://www.gk-p.jp/wp-content/uploads/mhc/23-441-A-01.jpg,第8弾
愛知県,東浦町,http://www.gk-p.jp/wp-content/uploads/mhc/23-442-A-01.jpg,第9弾
愛知県,武豊町,http://www.gk-p.jp/wp-content/uploads/mhc/23-447-A-01.jpg,第13弾
愛知県,幸田町,http://www.gk-p.jp/wp-content/uploads/mhc/23-501-A-01.jpg,第25弾
愛知県,設楽町,http://www.gk-p.jp/wp-content/uploads/mhc/23-561-A-01.jpg,第15弾
三重県,四日市市 (A001),http://www.gk-p.jp/wp-content/uploads/mhc/24-202-A-01.jpg,第5弾
三重県,四日市市 (B001),http://www.gk-p.jp/wp-content/uploads/mhc/24-202-B-01.jpg,第9弾
三重県,四日市市 (C001),http://www.gk-p.jp/wp-content/uploads/mhc/24-202-C-01.jpg,第13弾
三重県,伊勢市 (A001),http://www.gk-p.jp/wp-content/uploads/mhc/24-203-A-01.jpg,第7弾
三重県,伊勢市 (B001),http://www.gk-p.jp/wp-content/uploads/mhc/24-203-B-01.jpg,第12弾
三重県,松阪市(A001),http://www.gk-p.jp/wp-content/uploads/mhc/24-204-A-01.jpg,第3弾
三重県,松阪市(B001),http://www.gk-p.jp/wp-content/uploads/mhc/24-204-B-01.jpg,第11弾
三重県,松阪市 (C001),http://www.gk-p.jp/wp-content/uploads/mhc/24-204-C-01.jpg,第23弾
三重県,松阪市 (D001),http://www.gk-p.jp/wp-content/uploads/mhc/24-204-D-01.jpg,第24弾
三重県,松阪市 (E001),http://www.gk-p.jp/wp-content/uploads/mhc/24-204-E-01.jpg,第25弾
三重県,桑名市 (A001),http://www.gk-p.jp/wp-content/uploads/mhc/24-205-A-01.jpg,第06弾
三重県,桑名市 (B001),http://www.gk-p.jp/wp-content/uploads/mhc/24-205-B01.jpg,第16弾
三重県,鈴鹿市,http://www.gk-p.jp/wp-content/uploads/mhc/24-207-A-01.jpg,第6弾
三重県,亀山市 (A001),http://www.gk-p.jp/wp-content/uploads/mhc/24-210-A-01.jpg,第04弾
三重県,亀山市 (B001),http://www.gk-p.jp/wp-content/uploads/mhc/24-210-B-01.jpg,第26弾
三重県,志摩市,http://www.gk-p.jp/wp-content/uploads/mhc/24-215-A-01.jpg,第24弾
三重県,伊賀市,http://www.gk-p.jp/wp-content/uploads/mhc/24-216-A-01.jpg,第5弾
三重県,東員町,http://www.gk-p.jp/wp-content/uploads/mhc/24-324-A-01.jpg,第8弾
三重県,菰野町,http://www.gk-p.jp/wp-content/uploads/mhc/24-341-A-01.jpg,第06弾
滋賀県,滋賀県 (流域下水道),http://www.gk-p.jp/wp-content/uploads/mhc/25-000-A-01.jpg,第2弾
滋賀県,大津市 (A001),http://www.gk-p.jp/wp-content/uploads/mhc/25-201-A-01.jpg,第05弾
滋賀県,大津市 (B001),http://www.gk-p.jp/wp-content/uploads/mhc/25-201-B-01.jpg,第21弾
滋賀県,彦根市 (A001),http://www.gk-p.jp/wp-content/uploads/mhc/25-202-A-01.jpg,第6弾
滋賀県,彦根市 (B001),http://www.gk-p.jp/wp-content/uploads/mhc/25-202-B-01.jpg,第6弾
滋賀県,近江八幡市,http://www.gk-p.jp/wp-content/uploads/mhc/25-204-A-01.jpg,第24弾
滋賀県,草津市 (A001),http://www.gk-p.jp/wp-content/uploads/mhc/25-206-A-01.jpg,第03弾
滋賀県,草津市 (B001),http://www.gk-p.jp/wp-content/uploads/mhc/25-206-B-01.jpg,第09弾
滋賀県,草津市 (C001),http://www.gk-p.jp/wp-content/uploads/mhc/25-206-C-01.jpg,第23弾
滋賀県,守山市,http://www.gk-p.jp/wp-content/uploads/mhc/25-207-A-01.jpg,第21弾
滋賀県,栗東市 (A001),http://www.gk-p.jp/wp-content/uploads/mhc/25-208-A-01.jpg,第09弾
滋賀県,栗東市 (B001),http://www.gk-p.jp/wp-content/uploads/mhc/25-208-B-01.jpg,第25弾
滋賀県,甲賀市 (A001),http://www.gk-p.jp/wp-content/uploads/mhc/25-209-A-01.jpg,第23弾
滋賀県,甲賀市(B001),"http://www.gk-p.jp/wp-content/uploads/mhc/25-209-B-01.jpg
",第27弾
滋賀県,野洲市,http://www.gk-p.jp/wp-content/uploads/mhc/25-210-A-01.jpg,第26弾
滋賀県,東近江市 (A001),http://www.gk-p.jp/wp-content/uploads/mhc/25-213-A-01.jpg,第25弾
滋賀県,東近江市 (B001),http://www.gk-p.jp/wp-content/uploads/mhc/25-213-B-01.jpg,第26弾
滋賀県,東近江市(C001),http://www.gk-p.jp/wp-content/uploads/mhc/25-213-C-01.jpg,第27弾
滋賀県,豊郷町,http://www.gk-p.jp/wp-content/uploads/mhc/25-441-A-01.jpg,第9弾
京都府,京都府 (流域下水道・A001),http://www.gk-p.jp/wp-content/uploads/mhc/26-000-A-01.jpg,第3弾
京都府,京都府 (流域下水道・B001),http://www.gk-p.jp/wp-content/uploads/mhc/26-000-B-01.jpg,第5弾
京都府,京都市 (A001),http://www.gk-p.jp/wp-content/uploads/mhc/26-100-A-01.jpg,第2弾
京都府,京都市 (A002),http://www.gk-p.jp/wp-content/uploads/mhc/26-100-A-02.jpg,第5弾
京都府,京都市 (B001),http://www.gk-p.jp/wp-content/uploads/mhc/26-100-B-01.jpg,第13弾
京都府,舞鶴市 (A001),http://www.gk-p.jp/wp-content/uploads/mhc/26-202-A-01.jpg,第 8弾
京都府,舞鶴市 (B001),http://www.gk-p.jp/wp-content/uploads/mhc/26-202-B-01.jpg,第12弾
京都府,舞鶴市 (C001),http://www.gk-p.jp/wp-content/uploads/mhc/26-202-C-01.jpg,第13弾
京都府,綾部市,http://www.gk-p.jp/wp-content/uploads/mhc/26-203-A-01.jpg,第15弾
京都府,宇治市,http://www.gk-p.jp/wp-content/uploads/mhc/26-204-A-01.jpg,第6弾
京都府,亀岡市 (A001),http://www.gk-p.jp/wp-content/uploads/mhc/26-206-A-01.jpg,第02弾
京都府,亀岡市 (B001),http://www.gk-p.jp/wp-content/uploads/mhc/26-206-B-01.jpg,第13弾
京都府,向日市 (A001),http://www.gk-p.jp/wp-content/uploads/mhc/26-208-A-01.jpg,第05弾
京都府,向日市 (B001),http://www.gk-p.jp/wp-content/uploads/mhc/26-208-B-01.jpg,第19弾
京都府,長岡京市 (A001),http://www.gk-p.jp/wp-content/uploads/mhc/26-209-A-01.jpg,第05弾
京都府,長岡京市 (B001),http://www.gk-p.jp/wp-content/uploads/mhc/26-209-B-01.jpg,第18弾
京都府,八幡市,http://www.gk-p.jp/wp-content/uploads/mhc/26-210-A-01.jpg,第20弾
京都府,京丹後市 (A001),http://www.gk-p.jp/wp-content/uploads/mhc/26-212-A-01.jpg,第11弾
京都府,京丹後市 (B001),http://www.gk-p.jp/wp-content/uploads/mhc/26-212-B-01.jpg,第23弾
京都府,大山崎町,http://www.gk-p.jp/wp-content/uploads/mhc/26-303-A-01.jpg,第5弾
京都府,久御山町,http://www.gk-p.jp/wp-content/uploads/mhc/26-322-A-01.jpg,第23弾
京都府,宇治田原町,http://www.gk-p.jp/wp-content/uploads/mhc/26-344-A-01.jpg,第2弾
京都府,京丹波町,http://www.gk-p.jp/wp-content/uploads/mhc/26-407-A-01.jpg,第26弾
大阪府,大阪府 (流域下水道),http://www.gk-p.jp/wp-content/uploads/mhc/27-000-A-01.jpg,第2弾
大阪府,大阪市 (A001),http://www.gk-p.jp/wp-content/uploads/mhc/27-100-A-01.jpg,第01弾
大阪府,大阪市 (B001),http://www.gk-p.jp/wp-content/uploads/mhc/27-100-B-01.jpg,第05弾
大阪府,大阪市 (C001),http://www.gk-p.jp/wp-content/uploads/mhc/27-100-C01.jpg,第15弾
大阪府,大阪市 (D001),http://www.gk-p.jp/wp-content/uploads/mhc/27-100-D-01.jpg,第26弾
大阪府,堺市 (A001),http://www.gk-p.jp/wp-content/uploads/mhc/27-140-A-01.jpg,第01弾
大阪府,堺市 (B001),http://www.gk-p.jp/wp-content/uploads/mhc/27-140-B01.jpg,第16弾
大阪府,岸和田市 (A001),http://www.gk-p.jp/wp-content/uploads/mhc/27-202-A-01.jpg,第07弾
大阪府,岸和田市 (B001),http://www.gk-p.jp/wp-content/uploads/mhc/27-202-B01.jpg,第16弾
大阪府,岸和田市 (C001),http://www.gk-p.jp/wp-content/uploads/mhc/27-202-C-01.jpg,第20弾
大阪府,豊中市,http://www.gk-p.jp/wp-content/uploads/mhc/27-203-A-01.jpg,第3弾
大阪府,池田市(A001),http://www.gk-p.jp/wp-content/uploads/mhc/27-204-A-01.jpg,第6弾
大阪府,池田市(B001),http://www.gk-p.jp/wp-content/uploads/mhc/27-204-B-01.jpg,第11弾
大阪府,池田市(C001),http://www.gk-p.jp/wp-content/uploads/mhc/27-204-C-01.jpg,第11弾
大阪府,池田市(D001),http://www.gk-p.jp/wp-content/uploads/mhc/27-204-D-01.jpg,第11弾
大阪府,池田市(E001),http://www.gk-p.jp/wp-content/uploads/mhc/27-204-E-01.jpg,第11弾
大阪府,吹田市,http://www.gk-p.jp/wp-content/uploads/mhc/27-205-A-01.jpg,第7弾
大阪府,高槻市 (A001),http://www.gk-p.jp/wp-content/uploads/mhc/27-207-A-01.jpg,第03弾
大阪府,高槻市 (B001),http://www.gk-p.jp/wp-content/uploads/mhc/27-207-B-01.jpg,第08弾
大阪府,高槻市 (C001),http://www.gk-p.jp/wp-content/uploads/mhc/27-207-C-01.jpg,第19弾
大阪府,貝塚市 (A001),http://www.gk-p.jp/wp-content/uploads/mhc/27-208-A-01.jpg,第09弾
大阪府,貝塚市 (B001),http://www.gk-p.jp/wp-content/uploads/mhc/27-208-B-01.jpg,第21弾
大阪府,守口市,http://www.gk-p.jp/wp-content/uploads/mhc/27-209-A-01.jpg,第6弾
大阪府,枚方市,http://www.gk-p.jp/wp-content/uploads/mhc/27-210-A-01.jpg,第11弾
大阪府,茨木市 (A001),http://www.gk-p.jp/wp-content/uploads/mhc/27-211-A-01.jpg,第12弾
大阪府,茨木市 (B001),http://www.gk-p.jp/wp-content/uploads/mhc/27-211-B-01.jpg,第25弾
大阪府,八尾市,http://www.gk-p.jp/wp-content/uploads/mhc/27-212-A-01.jpg,第6弾
大阪府,泉佐野市 (A001),http://www.gk-p.jp/wp-content/uploads/mhc/27-213-A-01.jpg,第06弾
大阪府,泉佐野市 (B001),http://www.gk-p.jp/wp-content/uploads/mhc/27-213-B-01.jpg,第14弾
大阪府,富田林市,http://www.gk-p.jp/wp-content/uploads/mhc/27-214-A-01.jpg,第4弾
大阪府,寝屋川市,http://www.gk-p.jp/wp-content/uploads/mhc/27-215-A-01.jpg,第8弾
大阪府,河内長野市,http://www.gk-p.jp/wp-content/uploads/mhc/27-216-A-01.jpg,第6弾
大阪府,松原市,http://www.gk-p.jp/wp-content/uploads/mhc/27-217-A-01.jpg,第14弾
大阪府,大東市,http://www.gk-p.jp/wp-content/uploads/mhc/27-218-A-01.jpg,第4弾
大阪府,和泉市 (A001),http://www.gk-p.jp/wp-content/uploads/mhc/27-219-A-01.jpg,第03弾
大阪府,和泉市 (B001),http://www.gk-p.jp/wp-content/uploads/mhc/27-219-B-01.jpg,第14弾
大阪府,箕面市,http://www.gk-p.jp/wp-content/uploads/mhc/27-220-A-01.jpg,第6弾
大阪府,柏原市 (A001),http://www.gk-p.jp/wp-content/uploads/mhc/27-221-A-01.jpg,第07弾
大阪府,柏原市 (B001),http://www.gk-p.jp/wp-content/uploads/mhc/27-221-B-01.jpg,第19弾
大阪府,柏原市 (C001),http://www.gk-p.jp/wp-content/uploads/mhc/27-221-C-01.jpg,第23弾
大阪府,羽曳野市,http://www.gk-p.jp/wp-content/uploads/mhc/27-222-A-01.jpg,第13弾
大阪府,門真市 (A001),http://www.gk-p.jp/wp-content/uploads/mhc/27-223-A-01.jpg,第07弾
大阪府,門真市 (B001),http://www.gk-p.jp/wp-content/uploads/mhc/27-223-B-01.jpg,第21弾
大阪府,摂津市,http://www.gk-p.jp/wp-content/uploads/mhc/27-224-A-01.jpg,第19弾
大阪府,高石市,http://www.gk-p.jp/wp-content/uploads/mhc/27-225-A-01.jpg,第4弾
大阪府,藤井寺市 (A001),http://www.gk-p.jp/wp-content/uploads/mhc/27-226-A-01.jpg,第5弾
大阪府,藤井寺市 (B001),http://www.gk-p.jp/wp-content/uploads/mhc/27-226-B01.jpg,第12弾
大阪府,東大阪市,http://www.gk-p.jp/wp-content/uploads/mhc/27-227-A-01.jpg,第1弾
大阪府,泉南市,http://www.gk-p.jp/wp-content/uploads/mhc/27-228-A-01.jpg,第5弾
大阪府,四條畷市,http://www.gk-p.jp/wp-content/uploads/mhc/27-229-A-01.jpg,第5弾
大阪府,交野市 (A001),http://www.gk-p.jp/wp-content/uploads/mhc/27-230-A-01.jpg,第09弾
大阪府,交野市 (B001),http://www.gk-p.jp/wp-content/uploads/mhc/27-230-B01.jpg,第16弾
大阪府,大阪狭山市 (A001),http://www.gk-p.jp/wp-content/uploads/mhc/27-231-A-01.jpg,第2弾
大阪府,大阪狭山市 (B001),http://www.gk-p.jp/wp-content/uploads/mhc/27-231-B-01.jpg,第20弾
大阪府,阪南市,http://www.gk-p.jp/wp-content/uploads/mhc/27-232-A01.jpg,第17弾
大阪府,島本町 (A001),http://www.gk-p.jp/wp-content/uploads/mhc/27-301-A-01.jpg,第4弾
大阪府,島本町 (B001),http://www.gk-p.jp/wp-content/uploads/mhc/27-301-B-01.jpg,第13弾
大阪府,豊能町,http://www.gk-p.jp/wp-content/uploads/mhc/27-321-A-01.jpg,第8弾
大阪府,能勢町,http://www.gk-p.jp/wp-content/uploads/mhc/27-322-A-01.jpg,第3弾
大阪府,熊取町,http://www.gk-p.jp/wp-content/uploads/mhc/27-361-A-01.jpg,第8弾
大阪府,田尻町,http://www.gk-p.jp/wp-content/uploads/mhc/27-362-A-01.jpg,第12弾
大阪府,太子町,http://www.gk-p.jp/wp-content/uploads/mhc/27-381-A-01.jpg,第7弾
大阪府,河南町,http://www.gk-p.jp/wp-content/uploads/mhc/27-382-A-01.jpg,第8弾
大阪府,千早赤阪村,http://www.gk-p.jp/wp-content/uploads/mhc/27-383-A-01.jpg,第18弾
兵庫県,兵庫県 (流域下水道),http://www.gk-p.jp/wp-content/uploads/mhc/28-000-A-01.jpg,第7弾
兵庫県,神戸市 (A001),http://www.gk-p.jp/wp-content/uploads/mhc/28-100-A-01.jpg,第01弾
兵庫県,神戸市 (B001),http://www.gk-p.jp/wp-content/uploads/mhc/28-100-B-01.jpg,第14弾
兵庫県,神戸市 (C001),http://www.gk-p.jp/wp-content/uploads/mhc/28-100-C-01.jpg,第26弾
兵庫県,姫路市,http://www.gk-p.jp/wp-content/uploads/mhc/28-201-A-01.jpg,第2弾
兵庫県,尼崎市(A001),http://www.gk-p.jp/wp-content/uploads/mhc/28-202-A-01.jpg,第2弾
兵庫県,尼崎市(B001),http://www.gk-p.jp/wp-content/uploads/mhc/28-202-B-01.jpg,第11弾
兵庫県,明石市,http://www.gk-p.jp/wp-content/uploads/mhc/28-203-A-01.jpg,第7弾
兵庫県,西宮市,http://www.gk-p.jp/wp-content/uploads/mhc/28-204-A-01.jpg,第6弾
兵庫県,洲本市,http://www.gk-p.jp/wp-content/uploads/mhc/28-205-A-01.jpg,第18弾
兵庫県,芦屋市 (A001),http://www.gk-p.jp/wp-content/uploads/mhc/28-206-A-01.jpg,第08弾
兵庫県,芦屋市 (B001),http://www.gk-p.jp/wp-content/uploads/mhc/28-206-B-01.jpg,第12弾
兵庫県,伊丹市 (A001),http://www.gk-p.jp/wp-content/uploads/mhc/28-207-A-01.jpg,第05弾
兵庫県,伊丹市 (B001),http://www.gk-p.jp/wp-content/uploads/mhc/28-207-B-01.jpg,第14弾
兵庫県,伊丹市 (C001),http://www.gk-p.jp/wp-content/uploads/mhc/28-207-C01.jpg,第17弾
兵庫県,伊丹市 (D001),http://www.gk-p.jp/wp-content/uploads/mhc/28-207-D-01.jpg,第18弾
兵庫県,加古川市,http://www.gk-p.jp/wp-content/uploads/mhc/28-210-A-01.jpg,第10弾
兵庫県,西脇市 (A001),http://www.gk-p.jp/wp-content/uploads/mhc/28-213-A-01.jpg,第06弾
兵庫県,西脇市 (B001),http://www.gk-p.jp/wp-content/uploads/mhc/28-213-B-01.jpg,第25弾
兵庫県,宝塚市,http://www.gk-p.jp/wp-content/uploads/mhc/28-214-A-01.jpg,第10弾
兵庫県,三木市 (A001),http://www.gk-p.jp/wp-content/uploads/mhc/28-215-A-01.jpg,第10弾
兵庫県,三木市 (B001),http://www.gk-p.jp/wp-content/uploads/mhc/28-215-B-01.jpg,第19弾
兵庫県,三木市 (C001),http://www.gk-p.jp/wp-content/uploads/mhc/28-215-C-01.jpg,第22弾
兵庫県,高砂市,http://www.gk-p.jp/wp-content/uploads/mhc/28-216-A-01.jpg,第9弾
兵庫県,川西市 (A001),http://www.gk-p.jp/wp-content/uploads/mhc/28-217-A-01.jpg,第11弾
兵庫県,川西市 (B001),http://www.gk-p.jp/wp-content/uploads/mhc/28-217-B-01.jpg,第13弾
兵庫県,川西市 (C001),http://www.gk-p.jp/wp-content/uploads/mhc/28-217-C001.jpg,第15弾
兵庫県,加西市 (A001),http://www.gk-p.jp/wp-content/uploads/mhc/28-220-A-01.jpg,第07弾
兵庫県,加西市 (B001),http://www.gk-p.jp/wp-content/uploads/mhc/28-220-B-01.jpg,第25弾
兵庫県,丹波篠山市,http://www.gk-p.jp/wp-content/uploads/mhc/28-221-A-02.jpg,第5弾
兵庫県,丹波市,http://www.gk-p.jp/wp-content/uploads/mhc/28-223-A-01.jpg,第11弾
兵庫県,加東市 (A001),http://www.gk-p.jp/wp-content/uploads/mhc/28-228-A-01.jpg,第12弾
兵庫県,加東市 (B001),http://www.gk-p.jp/wp-content/uploads/mhc/28-228-B-01.jpg,第20弾
兵庫県,たつの市 (A001),http://www.gk-p.jp/wp-content/uploads/mhc/28-229-A-01.jpg,第09弾
兵庫県,たつの市 (B001),http://www.gk-p.jp/wp-content/uploads/mhc/28-229-B-01.jpg,第25弾
兵庫県,猪名川町,http://www.gk-p.jp/wp-content/uploads/mhc/28-301-A-01.jpg,第10弾
兵庫県,稲美町,http://www.gk-p.jp/wp-content/uploads/mhc/28-381-A-01,第26弾
兵庫県,播磨町,http://www.gk-p.jp/wp-content/uploads/mhc/28-382-A-01.jpg,第10弾
兵庫県,市川町,http://www.gk-p.jp/wp-content/uploads/mhc/28-442-A-01.jpg,第9弾
兵庫県,福崎町,http://www.gk-p.jp/wp-content/uploads/mhc/28-443-A-01.jpg,第10弾
兵庫県,神河町,http://www.gk-p.jp/wp-content/uploads/mhc/28-446-A-01.jpg,第20弾
兵庫県,太子町,http://www.gk-p.jp/wp-content/uploads/mhc/28-464-A-01.jpg,第23弾
兵庫県,上郡町,http://www.gk-p.jp/wp-content/uploads/mhc/28-481-A-02.jpg,第9弾
奈良県,奈良市,http://www.gk-p.jp/wp-content/uploads/mhc/29-201-A-01.jpg,第6弾
奈良県,大和郡山市,http://www.gk-p.jp/wp-content/uploads/mhc/29-203-A-01.jpg,第2弾
奈良県,天理市,http://www.gk-p.jp/wp-content/uploads/mhc/29-204-A-01.jpg,第4弾
奈良県,橿原市 (A001),http://www.gk-p.jp/wp-content/uploads/mhc/29-205-A-01.jpg,第08弾
奈良県,橿原市 (B001),http://www.gk-p.jp/wp-content/uploads/mhc/29-205-B-01.jpg,第23弾
奈良県,生駒市,http://www.gk-p.jp/wp-content/uploads/mhc/29-209-A-01.jpg,第8弾
奈良県,三郷町,http://www.gk-p.jp/wp-content/uploads/mhc/29-343-A-01.jpg,第12弾
奈良県,斑鳩町,http://www.gk-p.jp/wp-content/uploads/mhc/29-344-A-01.jpg,第3弾
奈良県,田原本町,http://www.gk-p.jp/wp-content/uploads/mhc/29-363-A-01.jpg,第7弾
奈良県,吉野町,http://www.gk-p.jp/wp-content/uploads/mhc/29-441-A-01.jpg,第12弾
和歌山県,和歌山市,http://www.gk-p.jp/wp-content/uploads/mhc/30-201-A-01.jpg,第2弾
和歌山県,橋本市,http://www.gk-p.jp/wp-content/uploads/mhc/30-203-A-01.jpg,第6弾
和歌山県,御坊市,http://www.gk-p.jp/wp-content/uploads/mhc/30-205-A-01.jpg,第10弾
和歌山県,有田川町,http://www.gk-p.jp/wp-content/uploads/mhc/30-366-A-01.jpg,第2弾
鳥取県,鳥取市,http://www.gk-p.jp/wp-content/uploads/mhc/31-201-A-01.jpg,第6弾
鳥取県,米子市,http://www.gk-p.jp/wp-content/uploads/mhc/31-202-A-01.jpg,第04弾
鳥取県,倉吉市 (A001),http://www.gk-p.jp/wp-content/uploads/mhc/31-203-A-01.jpg,第13弾
鳥取県,倉吉市 (B001),http://www.gk-p.jp/wp-content/uploads/mhc/31-203-B-01.jpg,第14弾
鳥取県,岩美町,http://www.gk-p.jp/wp-content/uploads/mhc/31-302-A-01.jpg,第4弾
鳥取県,三朝町,http://www.gk-p.jp/wp-content/uploads/mhc/31-364-A-01.jpg,第27弾
鳥取県,琴浦町,http://www.gk-p.jp/wp-content/uploads/mhc/31-371-A-01.jpg,第7弾
鳥取県,北栄町,http://www.gk-p.jp/wp-content/uploads/mhc/31-372-A-01.jpg,第2弾
鳥取県,江府町,http://www.gk-p.jp/wp-content/uploads/mhc/31-403-A-01.jpg,第03弾
島根県,島根県 (流域下水道),http://www.gk-p.jp/wp-content/uploads/mhc/32-000-A-01.jpg,第13弾
島根県,松江市,http://www.gk-p.jp/wp-content/uploads/mhc/32-201-A-01.jpg,第20弾
島根県,浜田市 (A001),http://www.gk-p.jp/wp-content/uploads/mhc/32-202-A-01.jpg,第08弾
島根県,浜田市 (B001),http://www.gk-p.jp/wp-content/uploads/mhc/32-202-B-01.jpg,第19弾
島根県,出雲市,http://www.gk-p.jp/wp-content/uploads/mhc/32-203-A-01.jpg,第11弾
島根県,益田市,http://www.gk-p.jp/wp-content/uploads/mhc/32-204-A-01.jpg,第10弾
島根県,大田市,http://www.gk-p.jp/wp-content/uploads/mhc/32-205-A-01.jpg,第10弾
島根県,安来市,http://www.gk-p.jp/wp-content/uploads/mhc/32-206-A-01.jpg,第4弾
島根県,江津市,http://www.gk-p.jp/wp-content/uploads/mhc/32-207-A-01.jpg,第12弾
島根県,雲南市,http://www.gk-p.jp/wp-content/uploads/mhc/32-209-A-01.jpg,第12弾
島根県,津和野町,http://www.gk-p.jp/wp-content/uploads/mhc/32-501-A-01.jpg,第10弾
島根県,吉賀町,http://www.gk-p.jp/wp-content/uploads/mhc/32-505-A-01.jpg,第11弾
島根県,西ノ島町,http://www.gk-p.jp/wp-content/uploads/mhc/32-526-A-01.jpg,第25弾
岡山県,岡山市,http://www.gk-p.jp/wp-content/uploads/mhc/33-100-A-01.jpg,第1弾
岡山県,倉敷市 (A001),http://www.gk-p.jp/wp-content/uploads/mhc/33-202-A-01.jpg,第01弾
岡山県,倉敷市 (B001),http://www.gk-p.jp/wp-content/uploads/mhc/33-202-B-01.jpg,第02弾
岡山県,倉敷市 (C001),http://www.gk-p.jp/wp-content/uploads/mhc/33-202-C-01.jpg,第06弾
岡山県,倉敷市 (D001),http://www.gk-p.jp/wp-content/uploads/mhc/33-202-D-01.jpg,第12弾
岡山県,倉敷市 (E001),http://www.gk-p.jp/wp-content/uploads/mhc/33-202-E01.jpg,第16弾
岡山県,津山市,http://www.gk-p.jp/wp-content/uploads/mhc/33-203-A-01.jpg,第11弾
岡山県,笠岡市,http://www.gk-p.jp/wp-content/uploads/mhc/33-205-A-01.jpg,第6弾
岡山県,井原市,http://www.gk-p.jp/wp-content/uploads/mhc/33-207-A-01.jpg,第23弾
岡山県,高梁市,http://www.gk-p.jp/wp-content/uploads/mhc/33-209-A-01.jpg,第19弾
岡山県,新見市,http://www.gk-p.jp/wp-content/uploads/mhc/33-210-A-01.jpg,第14弾
岡山県,瀬戸内市 (A001),http://www.gk-p.jp/wp-content/uploads/mhc/33-212-A-01.jpg,第5弾
岡山県,瀬戸内市 (B001),http://www.gk-p.jp/wp-content/uploads/mhc/33-212-B-01.jpg,第8弾
岡山県,真庭市,http://www.gk-p.jp/wp-content/uploads/mhc/33-214-A-01.jpg,第15弾
岡山県,美作市 (A001),http://www.gk-p.jp/wp-content/uploads/mhc/33-215-A01.jpg,第17弾
岡山県,美作市 (B001),http://www.gk-p.jp/wp-content/uploads/mhc/33-215-B-01.jpg,第24弾
岡山県,早島町,http://www.gk-p.jp/wp-content/uploads/mhc/33-423-A-01.jpg,第10弾
岡山県,里庄町,http://www.gk-p.jp/wp-content/uploads/mhc/33-445-A-01.jpg,第18弾
岡山県,矢掛町 (A001),http://www.gk-p.jp/wp-content/uploads/mhc/33-461-A-01.jpg,第05弾
岡山県,矢掛町 (B001),http://www.gk-p.jp/wp-content/uploads/mhc/33-461-B-01.jpg,第14弾
岡山県,新庄村,http://www.gk-p.jp/wp-content/uploads/mhc/33-586-A-01.jpg,第8弾
岡山県,鏡野町,http://www.gk-p.jp/wp-content/uploads/mhc/33-606-A-01.jpg,第10弾
岡山県,勝央町 (A001),http://www.gk-p.jp/wp-content/uploads/mhc/33-622-A-01.jpg,第24弾
岡山県,勝央町 (B001),http://www.gk-p.jp/wp-content/uploads/mhc/33-622-B-01.jpg,第25弾
岡山県,奈義町,http://www.gk-p.jp/wp-content/uploads/mhc/33-623-A01.jpg,第16弾
岡山県,久米南町,http://www.gk-p.jp/wp-content/uploads/mhc/33-663-A-01.jpg,第9弾
岡山県,吉備中央町,http://www.gk-p.jp/wp-content/uploads/mhc/33-681-A-01.jpg,第13弾
広島県,広島県 (流域下水道),http://www.gk-p.jp/wp-content/uploads/mhc/34-000-A-01.jpg,第2弾
広島県,広島市 (A001),http://www.gk-p.jp/wp-content/uploads/mhc/34-100-A-01.jpg,第01弾
広島県,広島市 (B001),http://www.gk-p.jp/wp-content/uploads/mhc/34-100-B-01.jpg,第18弾
広島県,広島市 (C001),http://www.gk-p.jp/wp-content/uploads/mhc/34-100-C-01.jpg,第19弾
広島県,広島市 (D001),http://www.gk-p.jp/wp-content/uploads/mhc/34-100-D-01.jpg,第20弾
広島県,広島市 (E001),http://www.gk-p.jp/wp-content/uploads/mhc/34-100-E-01.jpg,第22弾
広島県,広島市 (F001),http://www.gk-p.jp/wp-content/uploads/mhc/34-100-F-01.jpg,第23弾
広島県,広島市 (G001),http://www.gk-p.jp/wp-content/uploads/mhc/34-100-G-01.jpg,第24弾
広島県,呉市 (A001),http://www.gk-p.jp/wp-content/uploads/mhc/34-202-A-01.jpg,第5弾
広島県,呉市 (B001),http://www.gk-p.jp/wp-content/uploads/mhc/34-202-B-01.jpg,第5弾
広島県,竹原市 (A001),http://www.gk-p.jp/wp-content/uploads/mhc/34-203-A-01.jpg,第05弾
広島県,竹原市 (B001),http://www.gk-p.jp/wp-content/uploads/mhc/34-203-B-01.jpg,第10弾
広島県,三原市 (A001),http://www.gk-p.jp/wp-content/uploads/mhc/34-204-A-01.jpg,第4弾
広島県,三原市 (B001),http://www.gk-p.jp/wp-content/uploads/mhc/34-204-B-01.jpg,第6弾
広島県,福山市,http://www.gk-p.jp/wp-content/uploads/mhc/34-207-A01.jpg,第17弾
広島県,府中市,http://www.gk-p.jp/wp-content/uploads/mhc/34-208-A-01.jpg,第21弾
広島県,東広島市 (A001),http://www.gk-p.jp/wp-content/uploads/mhc/34-212-A-01.jpg,第3弾
広島県,東広島市 (B001),http://www.gk-p.jp/wp-content/uploads/mhc/34-212-B-01.jpg,第9弾
広島県,廿日市市,http://www.gk-p.jp/wp-content/uploads/mhc/34-213-A-01.jpg,第7弾
広島県,安芸高田市 (A001),http://www.gk-p.jp/wp-content/uploads/mhc/34-214-A-01.jpg,第12弾
広島県,安芸高田市 (B001),http://www.gk-p.jp/wp-content/uploads/mhc/34-214-B-01.jpg,第13弾
広島県,安芸高田市 (C001),http://www.gk-p.jp/wp-content/uploads/mhc/34-214-C-01.jpg,第14弾
広島県,熊野町,http://www.gk-p.jp/wp-content/uploads/mhc/34-307-A-01.jpg,第24弾
広島県,坂町,http://www.gk-p.jp/wp-content/uploads/mhc/34-309-A-01.jpg,第7弾
山口県,下関市 (A001),http://www.gk-p.jp/wp-content/uploads/mhc/35-201-A-01.jpg,第8弾
山口県,下関市 (B001),http://www.gk-p.jp/wp-content/uploads/mhc/35-201-B-01.jpg,第13弾
山口県,宇部市 (A001),http://www.gk-p.jp/wp-content/uploads/mhc/35-202-A-01.jpg,第10弾
山口県,宇部市 (B001),http://www.gk-p.jp/wp-content/uploads/mhc/35-202-B01.jpg,第16弾
山口県,山口市 (A001),http://www.gk-p.jp/wp-content/uploads/mhc/35-203-A-01.jpg,第03弾
山口県,山口市 (B001),http://www.gk-p.jp/wp-content/uploads/mhc/35-203-B-01.jpg,第04弾
山口県,山口市 (C001),http://www.gk-p.jp/wp-content/uploads/mhc/35-203-C-01.jpg,第06弾
山口県,山口市 (D001),http://www.gk-p.jp/wp-content/uploads/mhc/35-203-D-01.jpg,第22弾
山口県,萩市,http://www.gk-p.jp/wp-content/uploads/mhc/35-204-A-01.jpg,第11弾
山口県,防府市,http://www.gk-p.jp/wp-content/uploads/mhc/35-206-A-01.jpg,第6弾
山口県,下松市(A001),http://www.gk-p.jp/wp-content/uploads/mhc/35-207-A-01.jpg,第3弾
山口県,下松市(B001),http://www.gk-p.jp/wp-content/uploads/mhc/35-207-B-01.jpg,第11弾
山口県,岩国市 (A001),http://www.gk-p.jp/wp-content/uploads/mhc/35-208-A-01.jpg,第10弾
山口県,岩国市 (B001),http://www.gk-p.jp/wp-content/uploads/mhc/35-208-B-01.jpg,第23弾
山口県,柳井市,http://www.gk-p.jp/wp-content/uploads/mhc/35-212-A-01.jpg,第23弾
山口県,美祢市,http://www.gk-p.jp/wp-content/uploads/mhc/35-213-A-01.jpg,第25弾
山口県,周南市,http://www.gk-p.jp/wp-content/uploads/mhc/35-215-A-01.jpg,第26弾
山口県,山陽小野田市 (A001),http://www.gk-p.jp/wp-content/uploads/mhc/35-216-A-01.jpg,第12弾
山口県,山陽小野田市 (B001),http://www.gk-p.jp/wp-content/uploads/mhc/35-216-B-01.jpg,第25弾
山口県,和木町 (A001),http://www.gk-p.jp/wp-content/uploads/mhc/35-321-A-01.jpg,第07弾
山口県,和木町 (B001),http://www.gk-p.jp/wp-content/uploads/mhc/35-321-B-01.jpg,第20弾
徳島県,徳島県 (流域下水道),http://www.gk-p.jp/wp-content/uploads/mhc/36-000-A-01.jpg,第9弾
徳島県,徳島市,http://www.gk-p.jp/wp-content/uploads/mhc/36-201-A-01.jpg,第26弾
徳島県,鳴門市 (A001),http://www.gk-p.jp/wp-content/uploads/mhc/36-202-A-01.jpg,第04弾
徳島県,鳴門市 (B001),http://www.gk-p.jp/wp-content/uploads/mhc/36-202-B-01.jpg,第23弾
徳島県,吉野川市,http://www.gk-p.jp/wp-content/uploads/mhc/36-205-A-01.jpg,第24弾
徳島県,海陽町,http://www.gk-p.jp/wp-content/uploads/mhc/36-388-A-01.jpg,第23弾
徳島県,松茂町 (A001),http://www.gk-p.jp/wp-content/uploads/mhc/36-401-A-01.jpg,第7弾
徳島県,松茂町 (B001),http://www.gk-p.jp/wp-content/uploads/mhc/36-401-B-01.jpg,第13弾
香川県,香川県 (流域下水道・A001),http://www.gk-p.jp/wp-content/uploads/mhc/37-000-A-01.jpg,第02弾
香川県,香川県 (流域下水道・A002),http://www.gk-p.jp/wp-content/uploads/mhc/37-000-A-02.jpg,第02弾
香川県,高松市 (A001),http://www.gk-p.jp/wp-content/uploads/mhc/37-201-A-01.jpg,第03弾
香川県,高松市 (B001),http://www.gk-p.jp/wp-content/uploads/mhc/37-201-B01.jpg,第17弾
香川県,丸亀市 (A001),http://www.gk-p.jp/wp-content/uploads/mhc/37-202-A-01.jpg,第04弾
香川県,丸亀市 (B001),http://www.gk-p.jp/wp-content/uploads/mhc/37-202-B-01.jpg,第09弾
香川県,丸亀市 (C001),http://www.gk-p.jp/wp-content/uploads/mhc/37-202-C-01.jpg,第12弾
香川県,丸亀市 (D001),http://www.gk-p.jp/wp-content/uploads/mhc/37-202-D-01.jpg,第24弾
香川県,坂出市,http://www.gk-p.jp/wp-content/uploads/mhc/37-203-A-01.jpg,第22弾
香川県,観音寺市,http://www.gk-p.jp/wp-content/uploads/mhc/37-205-A-01.jpg,第03弾
香川県,さぬき市,http://www.gk-p.jp/wp-content/uploads/mhc/37-206-A-01.jpg,第7弾
香川県,東かがわ市,http://www.gk-p.jp/wp-content/uploads/mhc/37-207-A-01.jpg,第8弾
香川県,三木町,http://www.gk-p.jp/wp-content/uploads/mhc/37-341-A-01.jpg,第4弾
香川県,綾川町 (A001),http://www.gk-p.jp/wp-content/uploads/mhc/37-387-A-01.jpg,第09弾
香川県,綾川町 (B001),http://www.gk-p.jp/wp-content/uploads/mhc/37-387-B-01.jpg,第10弾
香川県,多度津町,http://www.gk-p.jp/wp-content/uploads/mhc/37-404-A-01.jpg,第9弾
香川県,まんのう町,http://www.gk-p.jp/wp-content/uploads/mhc/37-406-A-01.jpg,第11弾
愛媛県,松山市 (A001),http://www.gk-p.jp/wp-content/uploads/mhc/38-201-A-01.jpg,第03弾
愛媛県,松山市 (B001),http://www.gk-p.jp/wp-content/uploads/mhc/38-201-B-01.jpg,第13弾
愛媛県,今治市 (A001),http://www.gk-p.jp/wp-content/uploads/mhc/38-202-A-01.jpg,第10弾
愛媛県,今治市 (B001),http://www.gk-p.jp/wp-content/uploads/mhc/38-202-B-01.jpg,第24弾
愛媛県,今治市 (C001),http://www.gk-p.jp/wp-content/uploads/mhc/38-202-C-01.jpg,第26弾
愛媛県,宇和島市,http://www.gk-p.jp/wp-content/uploads/mhc/38-203-A-01.jpg,第4弾
愛媛県,八幡浜市 (A001),http://www.gk-p.jp/wp-content/uploads/mhc/38-204-A-01.jpg,第3弾
愛媛県,八幡浜市 (B001),http://www.gk-p.jp/wp-content/uploads/mhc/38-204-B-01.jpg,第13弾
愛媛県,新居浜市 (A001),http://www.gk-p.jp/wp-content/uploads/mhc/38-205-A-01.jpg,第03弾
愛媛県,新居浜市 (B001),http://www.gk-p.jp/wp-content/uploads/mhc/38-205-B-01.jpg,第26弾
愛媛県,西条市,http://www.gk-p.jp/wp-content/uploads/mhc/38-206-A-01.jpg,第13弾
愛媛県,大洲市,http://www.gk-p.jp/wp-content/uploads/mhc/38-207-A-01.jpg,第6弾
愛媛県,伊予市,http://www.gk-p.jp/wp-content/uploads/mhc/38-210-A01.jpg,第17弾
愛媛県,四国中央市 (A001),http://www.gk-p.jp/wp-content/uploads/mhc/38-213-A-01.jpg,第14弾
愛媛県,四国中央市 (B001),http://www.gk-p.jp/wp-content/uploads/mhc/38-213-B-01.jpg,第23弾
愛媛県,西予市,http://www.gk-p.jp/wp-content/uploads/mhc/38-214-A01.jpg,第16弾
愛媛県,東温市(A001),http://www.gk-p.jp/wp-content/uploads/mhc/38-215-A-01.jpg,第8弾
愛媛県,東温市(B001),http://www.gk-p.jp/wp-content/uploads/mhc/38-215-B-01.jpg,第11弾
愛媛県,砥部町,http://www.gk-p.jp/wp-content/uploads/mhc/38-402-A01.jpg,第16弾
愛媛県,伊方町,http://www.gk-p.jp/wp-content/uploads/mhc/38-442-A-01.jpg,第23弾
高知県,高知県 (流域下水道),http://www.gk-p.jp/wp-content/uploads/mhc/39-000-A-01.jpg,第05弾
高知県,高知市,http://www.gk-p.jp/wp-content/uploads/mhc/39-201-A-01.jpg,第1弾
高知県,南国市,http://www.gk-p.jp/wp-content/uploads/mhc/39-204-A-01.jpg,第26弾
高知県,須崎市 (A001),http://www.gk-p.jp/wp-content/uploads/mhc/39-206-A-01-1.jpg,第1弾
高知県,須崎市 (B001),http://www.gk-p.jp/wp-content/uploads/mhc/39-206-B-01.jpg,第8弾
高知県,香南市 (A001),http://www.gk-p.jp/wp-content/uploads/mhc/39-211-A-01.jpg,第1弾
高知県,香南市 (B001),http://www.gk-p.jp/wp-content/uploads/mhc/39-211-B-01.jpg,第1弾
高知県,香南市 (C001),http://www.gk-p.jp/wp-content/uploads/mhc/39-211-C-01.jpg,第1弾
高知県,香南市 (D001),http://www.gk-p.jp/wp-content/uploads/mhc/39-211-D-01.jpg,第15弾
高知県,香美市 (A001),http://www.gk-p.jp/wp-content/uploads/mhc/39-212-A-01.jpg,第25弾
高知県,香美市 (B001),http://www.gk-p.jp/wp-content/uploads/mhc/39-212-B-01.jpg,第26弾
高知県,香美市(C001),http://www.gk-p.jp/wp-content/uploads/mhc/39-212-C-01.jpg,第27弾
高知県,土佐町,http://www.gk-p.jp/wp-content/uploads/mhc/39-363-A-01.jpg,第8弾
福岡県,福岡県 (流域下水道),http://www.gk-p.jp/wp-content/uploads/mhc/40-000-A-01.jpg,第8弾
福岡県,北九州市 (A001),http://www.gk-p.jp/wp-content/uploads/mhc/40-100-A-01.jpg,第1弾
福岡県,北九州市 (B001),http://www.gk-p.jp/wp-content/uploads/mhc/40-100-B-01.jpg,第5弾
福岡県,北九州市 (C001),http://www.gk-p.jp/wp-content/uploads/mhc/40-100-C-01.jpg,第8弾
福岡県,北九州市 (D001),http://www.gk-p.jp/wp-content/uploads/mhc/40-100-D-01.jpg,第9弾
福岡県,福岡市 (A001),http://www.gk-p.jp/wp-content/uploads/mhc/40-130-A-01.jpg,第01弾
福岡県,福岡市 (B001),http://www.gk-p.jp/wp-content/uploads/mhc/40-130-B-01.jpg,第02弾
福岡県,福岡市 (C001),http://www.gk-p.jp/wp-content/uploads/mhc/40-130-C02.jpg,第16弾
福岡県,大牟田市,http://www.gk-p.jp/wp-content/uploads/mhc/40-202-A-01.jpg,第7弾
福岡県,久留米市,http://www.gk-p.jp/wp-content/uploads/mhc/40-203-A-01.jpg,第6弾
福岡県,柳川市,http://www.gk-p.jp/wp-content/uploads/mhc/40-207-A-01.jpg,第25弾
福岡県,筑後市,http://www.gk-p.jp/wp-content/uploads/mhc/40-211-A-01.jpg,第11弾
福岡県,小郡市,http://www.gk-p.jp/wp-content/uploads/mhc/40-216-A-01.jpg,第7弾
福岡県,大野城市,http://www.gk-p.jp/wp-content/uploads/mhc/40-219-A-01.jpg,第8弾
福岡県,宗像市 (A001),http://www.gk-p.jp/wp-content/uploads/mhc/40-220-A-01.jpg,第3弾
福岡県,宗像市 (B001),http://www.gk-p.jp/wp-content/uploads/mhc/40-220-B-01.jpg,第9弾
福岡県,太宰府市 (A001),http://www.gk-p.jp/wp-content/uploads/mhc/40-221-A01.jpg,第17弾
福岡県,太宰府市 (B001),http://www.gk-p.jp/wp-content/uploads/mhc/40-221-B-01.jpg,第18弾
福岡県,太宰府市 (C001),http://www.gk-p.jp/wp-content/uploads/mhc/40-221-C-01.jpg,第19弾
福岡県,古賀市,http://www.gk-p.jp/wp-content/uploads/mhc/40-223-A-01.jpg,第13弾
福岡県,那珂川市 (A001),http://www.gk-p.jp/wp-content/uploads/mhc/40-231-A-01.jpg,第09弾
福岡県,那珂川市 (B001),http://www.gk-p.jp/wp-content/uploads/mhc/40-231-B-01.jpg,第27弾
福岡県,宇美町,http://www.gk-p.jp/wp-content/uploads/mhc/40-341-A-01.jpg,第12弾
福岡県,志免町,http://www.gk-p.jp/wp-content/uploads/mhc/40-343-A-01.jpg,第5弾
福岡県,芦屋町,http://www.gk-p.jp/wp-content/uploads/mhc/40-381-A-01.jpg,第9弾
福岡県,岡垣町,http://www.gk-p.jp/wp-content/uploads/mhc/40-383-A-01.jpg,第6弾
佐賀県,佐賀市(A001),http://www.gk-p.jp/wp-content/uploads/mhc/41-201-A-01.jpg,第02弾
佐賀県,佐賀市 (B001),http://www.gk-p.jp/wp-content/uploads/mhc/41-201-B-01.jpg,第14弾
佐賀県,武雄市,http://www.gk-p.jp/wp-content/uploads/mhc/41-206-A01.jpg,第17弾
佐賀県,鹿島市,http://www.gk-p.jp/wp-content/uploads/mhc/41-207-A-01.jpg,第7弾
佐賀県,神埼市,http://www.gk-p.jp/wp-content/uploads/mhc/41-210-A-01.jpg,第4弾
佐賀県,みやき町,http://www.gk-p.jp/wp-content/uploads/mhc/41-346-A-01.jpg,第12弾
佐賀県,有田町,http://www.gk-p.jp/wp-content/uploads/mhc/41-401-A-01.jpg,第22弾
佐賀県,江北町,http://www.gk-p.jp/wp-content/uploads/mhc/41-424-A-01.jpg,第5弾
佐賀県,白石町,http://www.gk-p.jp/wp-content/uploads/mhc/41-425-A-01.jpg,第9弾
長崎県,長崎県 (流域下水道),http://www.gk-p.jp/wp-content/uploads/mhc/42-000-A-01.jpg,第08弾
長崎県,長崎市 (A001),http://www.gk-p.jp/wp-content/uploads/mhc/42-201-A-01.jpg,第03弾
長崎県,長崎市 (B001),http://www.gk-p.jp/wp-content/uploads/mhc/42-201-B01.jpg,第16弾
長崎県,佐世保市,http://www.gk-p.jp/wp-content/uploads/mhc/42-202-A-01.jpg,第8弾
長崎県,諫早市,http://www.gk-p.jp/wp-content/uploads/mhc/42-204-A-01.jpg,第4弾
長崎県,大村市,http://www.gk-p.jp/wp-content/uploads/mhc/42-205-A-01.jpg,第4弾
長崎県,壱岐市,http://www.gk-p.jp/wp-content/uploads/mhc/42-210-A-01.jpg,第6弾
長崎県,南島原市,http://www.gk-p.jp/wp-content/uploads/mhc/42-214-A01.jpg,第16弾
長崎県,長与町,http://www.gk-p.jp/wp-content/uploads/mhc/42-307-A-01.jpg,第20弾
長崎県,東彼杵町,http://www.gk-p.jp/wp-content/uploads/mhc/42-321-A-01.jpg,第27弾
熊本県,熊本市 (A001),http://www.gk-p.jp/wp-content/uploads/mhc/43-100-A-01.jpg,第05弾
熊本県,熊本市 (B001),http://www.gk-p.jp/wp-content/uploads/mhc/43-100-B-01.jpg,第10弾
熊本県,熊本市 (C001),http://www.gk-p.jp/wp-content/uploads/mhc/43-100-C-01.jpg,第24弾
熊本県,熊本市 (D001),http://www.gk-p.jp/wp-content/uploads/mhc/43-100-D-01.jpg,第24弾
熊本県,熊本市 (E001),http://www.gk-p.jp/wp-content/uploads/mhc/43-100-E-01.jpg,第24弾
熊本県,熊本市 (F001),http://www.gk-p.jp/wp-content/uploads/mhc/43-100-F-01.jpg,第24弾
熊本県,熊本市 (G001),http://www.gk-p.jp/wp-content/uploads/mhc/43-100-G-01.jpg,第25弾
熊本県,熊本市 (H001),http://www.gk-p.jp/wp-content/uploads/mhc/43-100-H-01.jpg,第25弾
熊本県,熊本市 (I001),http://www.gk-p.jp/wp-content/uploads/mhc/43-100-I-01.jpg,第25弾
熊本県,熊本市 (J001),http://www.gk-p.jp/wp-content/uploads/mhc/43-100-J-01.jpg,第25弾
熊本県,熊本市(K001),http://www.gk-p.jp/wp-content/uploads/mhc/43-100-K-01.jpg,第27弾
熊本県,八代市 (A001),http://www.gk-p.jp/wp-content/uploads/mhc/43-202-A-01.jpg,第07弾
熊本県,八代市 (B001),http://www.gk-p.jp/wp-content/uploads/mhc/43-202-B-01.jpg,第14弾
熊本県,荒尾市,http://www.gk-p.jp/wp-content/uploads/mhc/43-204-A-01.jpg,第11弾
熊本県,水俣市,http://www.gk-p.jp/wp-content/uploads/mhc/43-205-A-01.jpg,第13弾
熊本県,玉名市,http://www.gk-p.jp/wp-content/uploads/mhc/43-206-A-01.jpg,第5弾
熊本県,宇城市,http://www.gk-p.jp/wp-content/uploads/mhc/43-213-A-01.jpg,第15弾
熊本県,和水町,http://www.gk-p.jp/wp-content/uploads/mhc/43-369-A-01.jpg,第8弾
熊本県,益城町,http://www.gk-p.jp/wp-content/uploads/mhc/43-443-A-01.jpg,第25弾
熊本県,苓北町,http://www.gk-p.jp/wp-content/uploads/mhc/43-531-A-01.jpg,第7弾
大分県,大分市 (A001),http://www.gk-p.jp/wp-content/uploads/mhc/44-201-A-01.jpg,第08弾
大分県,大分市 (B001),http://www.gk-p.jp/wp-content/uploads/mhc/44-201-B-01.jpg,第20弾
大分県,大分市 (C001),http://www.gk-p.jp/wp-content/uploads/mhc/44-201-C-01.jpg,第21弾
大分県,大分市 (D001),http://www.gk-p.jp/wp-content/uploads/mhc/44-201-D-01.jpg,第26弾
大分県,別府市,http://www.gk-p.jp/wp-content/uploads/mhc/44-202-A-01.jpg,第25弾
大分県,中津市,http://www.gk-p.jp/wp-content/uploads/mhc/44-203-A01.jpg,第17弾
大分県,佐伯市,http://www.gk-p.jp/wp-content/uploads/mhc/44-205-A-01.jpg,第5弾
大分県,杵築市,http://www.gk-p.jp/wp-content/uploads/mhc/44-210-A-01.jpg,第12弾
大分県,日出町,http://www.gk-p.jp/wp-content/uploads/mhc/44-341-A-01.jpg,第10弾
宮崎県,宮崎市 (A001),http://www.gk-p.jp/wp-content/uploads/mhc/45-201-A-01.jpg,第03弾
宮崎県,宮崎市 (B001),http://www.gk-p.jp/wp-content/uploads/mhc/45-201-B-01.jpg,第24弾
宮崎県,小林市,http://www.gk-p.jp/wp-content/uploads/mhc/45-205-A-01.jpg,第25弾
宮崎県,日向市,http://www.gk-p.jp/wp-content/uploads/mhc/45-206-A-01.jpg,第18弾
鹿児島県,鹿児島市 (A001),http://www.gk-p.jp/wp-content/uploads/mhc/46-201-A-01.jpg,第08弾
鹿児島県,鹿児島市 (B001),http://www.gk-p.jp/wp-content/uploads/mhc/46-201-B-01.jpg,第12弾
鹿児島県,鹿児島市 (C001),http://www.gk-p.jp/wp-content/uploads/mhc/46-201-C01.jpg,第17弾
鹿児島県,鹿屋市,http://www.gk-p.jp/wp-content/uploads/mhc/46-203-A-01.jpg,第20弾
鹿児島県,枕崎市,http://www.gk-p.jp/wp-content/uploads/mhc/46-204-A-01.jpg,第12弾
鹿児島県,出水市,http://www.gk-p.jp/wp-content/uploads/mhc/46-208-A-01.jpg,第23弾
鹿児島県,指宿市,http://www.gk-p.jp/wp-content/uploads/mhc/46-210-A-01.jpg,第8弾
鹿児島県,薩摩川内市,http://www.gk-p.jp/wp-content/uploads/mhc/46-215-A-01.jpg,第11弾
鹿児島県,日置市,http://www.gk-p.jp/wp-content/uploads/mhc/46-216-A-01.jpg,第06弾
鹿児島県,霧島市 (A001),http://www.gk-p.jp/wp-content/uploads/mhc/46-218-A-01.jpg,第08弾
鹿児島県,霧島市 (B001),http://www.gk-p.jp/wp-content/uploads/mhc/46-218-B-01.jpg,第14弾
鹿児島県,霧島市 (C001),http://www.gk-p.jp/wp-content/uploads/mhc/46-218-C-01.jpg,第22弾
鹿児島県,南さつま市,http://www.gk-p.jp/wp-content/uploads/mhc/46-220-A-01.jpg,第18弾
鹿児島県,奄美市 (A001),http://www.gk-p.jp/wp-content/uploads/mhc/46-222-A-01.jpg,第07弾
鹿児島県,奄美市 (B001),http://www.gk-p.jp/wp-content/uploads/mhc/46-222-B-01.jpg,第21弾
鹿児島県,徳之島町,http://www.gk-p.jp/wp-content/uploads/mhc/46-530-A01.jpg,第16弾
鹿児島県,知名町,http://www.gk-p.jp/wp-content/uploads/mhc/46-534-A-01.jpg,第6弾
沖縄県,沖縄県 (流域下水道・A001),http://www.gk-p.jp/wp-content/uploads/mhc/47-000-A-01.jpg,第02弾
沖縄県,沖縄県 (流域下水道 ・B001),http://www.gk-p.jp/wp-content/uploads/mhc/47-000-B01.jpg,第16弾
沖縄県,那覇市 (A001),http://www.gk-p.jp/wp-content/uploads/mhc/47-201-A-01.jpg,第8弾
沖縄県,那覇市 (B001),http://www.gk-p.jp/wp-content/uploads/mhc/47-201-B-01.jpg,第13弾
沖縄県,宜野湾市 (A001),http://www.gk-p.jp/wp-content/uploads/mhc/47-205-A-01.jpg,第18弾
沖縄県,宜野湾市 (B001),http://www.gk-p.jp/wp-content/uploads/mhc/47-205-B-01.jpg,第21弾
沖縄県,名護市 (A001),http://www.gk-p.jp/wp-content/uploads/mhc/47-209-A-01.jpg,第6弾
沖縄県,名護市 (B001),http://www.gk-p.jp/wp-content/uploads/mhc/47-209-B-01.jpg,第12弾
沖縄県,名護市 (C001),http://www.gk-p.jp/wp-content/uploads/mhc/47-209-C-01.jpg,第13弾
沖縄県,沖縄市,http://www.gk-p.jp/wp-content/uploads/mhc/47-211-A-01.jpg,第12弾
沖縄県,うるま市,http://www.gk-p.jp/wp-content/uploads/mhc/47-213-A-01.jpg,第27弾
沖縄県,本部町,http://www.gk-p.jp/wp-content/uploads/mhc/47-308-A-01.jpg,第26弾
沖縄県,宜野座村,http://www.gk-p.jp/wp-content/uploads/mhc/47-313-A-01.jpg,第18弾
沖縄県,北谷町 (A001),http://www.gk-p.jp/wp-content/uploads/mhc/47-326-A-01.jpg,第07弾
沖縄県,北谷町 (B001),http://www.gk-p.jp/wp-content/uploads/mhc/47-326-B01.jpg,第16弾
沖縄県,中城村,http://www.gk-p.jp/wp-content/uploads/mhc/47-328-A-01.jpg,第5弾
